{

    "tfMessage": {
        "color": "#fad94c",
        "lineWidth":"600",
        "x": 427,
        "y": 420
    },

    "tfMessageShadow": {
        "color": "#9c2006",
        "lineWidth":"600",
        "x": 427,
        "y": 420,
         "outline":"3"
    },

    "tfProgress": {
        "color": "#fad94c",
        "lineWidth":"600",
        "x": 427,
        "y": 445
    },

    "tfProgressShadow": {
        "color": "#9c2006",
        "lineWidth":"600",
        "x": 427,
        "y": 445,
         "outline":"3"
    }

}