{

    "tfFsWon1": {
        "color": "#fad039",
        "font": "bold 80px Helvetica,Arial,sans-serif",
        "textAlign": "center",
        "x": "535",
        "y": "100"
    },
	"tfFsWonShadow1": {
        "color": "#000",
        "font": "bold 80px Helvetica,Arial,sans-serif",
        "textAlign": "center",
        "x": "535",
        "y": "100",
        "outline":"2.5"
    },

    "tfFsWon2": {
        "color": "#fad039",
        "font": "bold 60px Helvetica,Arial,sans-serif",
        "textAlign": "center",
        "x": "100",
        "y": "235"
    },
    "tfFsWonShadow2": {
        "color": "#000",
        "font": "bold 60px Helvetica,Arial,sans-serif",
        "textAlign": "center",
        "x": "100",
        "y": "235",
        "outline":"2.5"
    },

    "tfFsWon3": {
        "color": "#eb0f59",
        "font": "bold 35px Helvetica,Arial,sans-serif",
        "textAlign": "center",
        "x": "275",
        "y": "248"
    },
	 "tfFsWonShadow3": {
        "color": "#000",
        "font": "bold 35px Helvetica,Arial,sans-serif",
        "textAlign": "center",
        "x": "275",
        "y": "248",
        "outline":"2"
    },

	"fsintro_ad_image1":{
		"x": "442",
		"y": "210"
	},

    "tfFsWon5": {
        "color": "#eb0f59",
        "font": "bold 35px Helvetica,Arial,sans-serif",
        "textAlign": "center",
        "x": "642",
        "y": "248"
    },
	"tfFsWonShadow5": {
        "color": "#000",
        "font": "bold 35px Helvetica,Arial,sans-serif",
        "textAlign": "center",
        "x": "642",
        "y": "248",
        "outline":"2"
    },

    "tfFsWon6": {
        "color": "#fad039",
        "font": "bold 70px Helvetica,Arial,sans-serif",
        "textAlign": "center",
        "x": "770",
        "y": "228"
    },
	 "tfFsWonShadow6": {
        "color": "#000",
        "font": "bold 70px Helvetica,Arial,sans-serif",
        "textAlign": "center",
        "x": "770",
        "y": "228",
        "outline":"2.5"
    },

    "tfFsWon7": {
        "color": "#fad039",
        "font": "bold 40px Helvetica,Arial,sans-serif",
        "textAlign": "center",
		"lineWidth": "100",
        "x": "880",
        "y": "228"
    },
	"tfFsWonShadow7": {
            "color": "#000",
            "font": "bold 40px Helvetica,Arial,sans-serif",
            "textAlign": "center",
			"lineWidth": "100",
            "x": "880",
            "y": "228",
            "outline":"2.5"
    },

    "tfFsWon8": {
        "color": "#eb0f59",
        "font": "bold 35px Helvetica,Arial,sans-serif",
        "textAlign": "center",
        "x": "500",
        "y": "360"
    },
    "tfFsWonShadow8": {
            "color": "#000",
            "font": "bold 35px Helvetica,Arial,sans-serif",
            "textAlign": "center",
            "x": "500",
            "y": "360",
            "outline":"2"
    },


	
	
	"fsintro_ad_image2":{
		"x": "300",
		"y": "410"
	},

	"tfFsRetrigWon0": {
       "color": "#fad039",
       "font": "bold 75px Helvetica,Arial,sans-serif",
       "textAlign": "center",
       "x": "535",
       "y": "100"
   },
   "tfFsRetrigWonShadow0": {
       "color": "#000",
       "font": "bold 75px Helvetica,Arial,sans-serif",
       "textAlign": "center",
       "x": "535",
       "y": "100",
       "outline":"8"
   },

    "tfFsRetrigWon1": {
       "color": "#c19ff5",
       "font": "bold 75px Helvetica,Arial,sans-serif",
       "textAlign": "center",
       "x": "335",
       "y": "220"
   },

    "tfFsRetrigWonShadow1": {
       "color": "#000",
       "font": "bold 75px Helvetica,Arial,sans-serif",
       "textAlign": "center",
       "x": "335",
       "y": "220",
       "outline":"4"
   },

	"tfFsRetrigWon2": {
       "color": "#2b0b59",
       "font": "bold 65px Helvetica,Arial,sans-serif",
       "textAlign": "right",
       "x": "800",
       "y": "225"
   },

   "tfFsRetrigWonShadow2": {
       "color": "#868f0b",
       "font": "bold 65px Helvetica,Arial,sans-serif",
       "textAlign": "right",
       "x": "800",
       "y": "225",
       "outline":"2.5"
   },

   "tfFsRetrigWon3": {
       "color": "#2b0b59",
       "font": "bold 65px Helvetica,Arial,sans-serif",
       "textAlign": "right",
       "x": "230",
       "y": "325"
   },
    "tfFsRetrigWonShadow3": {
       "color": "#868f0b",
       "font": "bold 65px Helvetica,Arial,sans-serif",
       "textAlign": "right",
       "x": "230",
       "y": "325",
       "outline":"2.5"
   },
   "tfFsRetrigWon4": {
       "color": "#c19ff5",
       "font": "bold 80px Helvetica,Arial,sans-serif",
       "textAlign": "right",
       "x": "345",
       "y": "310"
   },

   "tfFsRetrigWonShadow4": {
       "color": "#000",
       "font": "bold 80px Helvetica,Arial,sans-serif",
       "textAlign": "right",
       "x": "345",
       "y": "310",
       "outline":"4"
   },

   "tfFsRetrigWon5": {
       "color": "#2b0b59",
       "font": "bold 70px Helvetica,Arial,sans-serif",
       "textAlign": "right",
       "x": "915",
       "y": "315"
   },


   "tfFsRetrigWonShadow5": {
       "color": "#868f0b",
       "font": "bold 70px Helvetica,Arial,sans-serif",
       "textAlign": "right",
       "x": "915",
       "y": "315",
       "outline":"2.5"
   },
   "tfFsRetrigWon6": {
       "color": "#c19ff5",
       "font": "bold 110px Helvetica,Arial,sans-serif",
       "textAlign": "center",
       "x": "300",
       "y": "430"
   },

   "tfFsRetrigWonShadow6": {
           "color": "#000",
           "font": "bold 110px Helvetica,Arial,sans-serif",
           "textAlign": "center",
           "x": "300",
           "y": "430",
           "outline":"2.5"
   },
   "tfFsRetrigWon7": {
       "color": "#2b0b59",
       "font": "bold 53px Helvetica,Arial,sans-serif",
       "textAlign": "center",
       "x": "655",
       "y": "445"
   },

   "tfFsRetrigWonShadow7": {
           "color": "#868f0b",
           "font": "bold 53px Helvetica,Arial,sans-serif",
           "textAlign": "center",
           "x": "655",
           "y": "445",
           "outline":"2.5"
   },
   "tfFsRetrigWon8": {
       "color": "#2b0b59",
       "font": "bold 67px Helvetica,Arial,sans-serif",
       "textAlign": "center",
       "x": "622",
       "y": "515"
   },



   "tfFsRetrigWonShadow8": {
           "color": "#868f0b",
           "font": "bold 67px Helvetica,Arial,sans-serif",
           "textAlign": "center",
           "x": "622",
           "y": "515",
           "outline":"2.5"
   },






    "tfFsAmountWon1": {
        "color": "#5ef9f1",
        "font": "bold 78px Helvetica,Arial,sans-serif",
        "textAlign": "center",
        "x": "502",
        "y": "135"
    },

    "tfFsAmountWonShadow1": {
        "color": "#000",
        "font": "bold 78px Helvetica,Arial,sans-serif",
        "textAlign": "center",
        "x": "502",
        "y": "135",
        "outline":"6"
    },

    "tfFsAmountWon2": {
        "color": "#ce41a7",
        "font": "bold 140px Helvetica,Arial,sans-serif",
        "textAlign": "center",
        "x": "500",
        "y": "250"
    },

	"tfFsAmountWonShadow2": {
        "color": "#4c0b60",
        "font": "bold 140px Helvetica,Arial,sans-serif",
        "textAlign": "center",
        "x": "500",
        "y": "250",
        "outline":"6"
    },

    "tfFsAmountWon3": {
        "color": "#5ef9f1",
        "font": "bold 55px Helvetica,Arial,sans-serif",
        "textAlign": "center",
        "x": "500",
        "y": "430"
    },
	 "tfFsAmountWonShadow3": {
        "color": "#000",
        "font": "bold 55px Helvetica,Arial,sans-serif",
        "textAlign": "center",
        "x": "500",
        "y": "430",
        "outline":"6"
    },
  "tfFsAmountWon4": {
           "color": "#5ef9f1",
           "font": "bold 55px Helvetica,Arial,sans-serif",
           "textAlign": "center",
           "x": "260",
           "y": "520"
       },
	   "tfFsAmountWonShadow4": {
            "color": "#000",
            "font": "bold 55px Helvetica,Arial,sans-serif",
            "textAlign": "center",
            "x": "260",
            "y": "520",
             "outline":"6"
        },

    "tfFsAmountWon5": {
         "color": "#5ef9f1",
         "font": "bold 55px Helvetica,Arial,sans-serif",
         "textAlign": "center",
         "x": "357",
         "y": "520"
     },
     "tfFsAmountWonShadow5": {
            "color": "#000",
            "font": "bold 55px Helvetica,Arial,sans-serif",
            "textAlign": "center",
            "x": "357",
            "y": "520",
             "outline":"6"
     },

    "tfFsAmountWon6": {
       "color": "#5ef9f1",
       "font": "bold 58px Helvetica,Arial,sans-serif",
       "textAlign": "center",
       "x": "612",
       "y": "520"
   },
    "tfFsAmountWonShadow6": {
            "color": "#000",
            "font": "bold 58px Helvetica,Arial,sans-serif",
            "textAlign": "center",
            "x": "612",
            "y": "520",
             "outline":"6"
     },



    "tfContinue": {
        "color": "#d1f1fe",
        "font": "bold 35px Helvetica,Arial,sans-serif",
        "textAlign": "center",
        "x": "640",
        "y": "540"
    },

    "tfContinueShadow": {
        "color": "#FF0000",
        "font": "bold 35px Helvetica,Arial,sans-serif",
        "textAlign": "center",
        "x": "640",
        "y": "540",
        "outline":"6"
    },


    "tfIntroText1":{
        "color": "#9fe8f6",
        "font": "bold 20px Helvetica,Arial,sans-serif",
        "x": "510",
        "y": "700"
    },
    "tfIntroTextShadow1":{
        "color": "#03176a",
        "font": "bold 20px Helvetica,Arial,sans-serif",
        "x": "510",
        "y": "700" ,
        "outline":"2"
    },


	"tfIntroText2":{
        "color": "#51fffd",
        "font": "bold 34px Helvetica,Arial,sans-serif",
        "x": "14",
        "y": "585"
    },
    "tfIntroTextShadow2":{
        "color": "#000",
        "font": "bold 34px Helvetica,Arial,sans-serif",
        "x": "14",
        "y": "585",
        "outline":"3"
    },


	"tfIntroText3":{
        "color": "#fff90d",
        "font": "bold 55px Helvetica,Arial,sans-serif",
        "x": "13",
        "y": "615"
    },
    "tfIntroTextShadow3":{
        "color": "#000",
        "font": "bold 55px Helvetica,Arial,sans-serif",
        "x": "13",
        "y": "615" ,
        "outline":"7"
    },


    "tfIntroText4":{
            "color": "#51fffd",
            "font": "bold 34px Helvetica,Arial,sans-serif",
            "x": "14",
            "y": "677"
        },
        "tfIntroTextShadow4":{
            "color": "#000",
            "font": "bold 34px Helvetica,Arial,sans-serif",
            "x": "14",
            "y": "677" ,
            "outline":"3"
        },

        "tfIntroText5":{
                "color": "#fff90d",
                "font": "bold 81px Helvetica,Arial,sans-serif",
                "x": "1006",
                "y": "678"
            },
            "tfIntroTextShadow5":{
                "color": "#000",
                "font": "bold 81px Helvetica,Arial,sans-serif",
                "x": "1006",
                "y": "678" ,
                "outline":"7"
            },


            "tfIntroText6":{
                    "color": "#9fe8f6",
                    "font": "bold 25px Helvetica,Arial,sans-serif",
                    "x": "1149",
                    "y": "682"
                },
                "tfIntroTextShadow6":{
                    "color": "#03176a",
                    "font": "bold 25px Helvetica,Arial,sans-serif",
                    "x": "1148",
                    "y": "682" ,
                    "outline":"3"
                },


                "tfIntroText7":{
                        "color": "#51fffd",
                        "font": "bold 41px Helvetica,Arial,sans-serif",
                        "x": "1156",
                        "y": "711"
                    },
                    "tfIntroTextShadow7":{
                        "color": "#000",
                        "font": "bold 41px Helvetica,Arial,sans-serif",
                        "x": "1156",
                        "y": "711" ,
                        "outline":"7"
                    },

					"tfIntroText8":{
                        "color": "#fff90d",
                        "font": "bold 55px Helvetica,Arial,sans-serif",
                        "x": "486",
                        "y": "693"
                    },
                    "tfIntroTextShadow8":{
                        "color": "#000",
                        "font": "bold 55px Helvetica,Arial,sans-serif",
                        "x": "486",
                        "y": "693" ,
                        "outline":"6"
                    },

   "tfIntroContinue": {
        "color": "#FFF",
        "font": "bold 22px Helvetica,Arial,sans-serif",
        "textAlign": "center",
        "x": "710",
        "y": "730"
    },


     "tfIntroContinueShadow": {
        "color": "#FF0000",
        "font": "bold 22px Helvetica,Arial,sans-serif",
        "textAlign": "center",
        "x": "710",
        "y": "730" ,
        "outline":"4"
        },

     "scattersym":{
            "x": "55",
            "y": "650"
        } ,

"intro_ad_image1":{
            "x": "91",
            "y": "666"
        } ,

        "intro_ad_image2":{
                    "x": "1015",
                    "y": "598"
                } ,


   "tfCounter": {
        "color": "#FFF",
        "font": "bold 33px Helvetica,Arial,sans-serif",
        "textAlign": "center",
        "x": "1151",
        "y": "308"
    },

    "tfCounterShadow": {
        "color": "#000",
        "alpha": "0.2",
        "font": "bold 30px Helvetica,Arial,sans-serif",
        "textAlign": "center",
        "x": "1151",
        "y": "308"
    },

    "tfCounterText":{
        "color": "#FFF",
        "font": "bold 30px Helvetica,Arial,sans-serif",
        "textAlign": "center",
        "x": "1151",
        "y": "267"
    },
     "tfCounterTextShadow":{
            "color": "#000",
            "font": "bold 30px Helvetica,Arial,sans-serif",
            "textAlign": "center",
            "x": "1151",
            "y": "267",
            "outline":"3.5"
     },

    "freeGamesMeter": {
        "x": "1034",
        "y": "297"
    },

    "tfWon": {
        "color": "#FFF",
        "font": "bold 33px Helvetica,Arial,sans-serif",
        "textAlign": "center",
        "x": "1151",
        "y": "535"
    },

    "tfWonShadow": {
        "color": "#000",
        "alpha": "0.2",
        "font": "bold 33px Helvetica,Arial,sans-serif",
        "textAlign": "center",
        "x": "1151",
        "y": "535"
    },

    "winText": {
        "color": "#FFF",
        "font": "bold 30px Helvetica,Arial,sans-serif",
        "textAlign": "center",
        "x": "1151",
        "y": "494"
    },

     "winTextShadow": {
            "color": "#000",
            "font": "bold 30px Helvetica,Arial,sans-serif",
            "textAlign": "center",
            "x": "1151",
            "y": "494",
            "outline":"3.5"
     },

    "winMeter": {
        "x": "1034",
        "y": "524"
    },

    "freeWonValue":{
    	 "color": "#FFF",
         "font": "bold 33px Helvetica,Arial,sans-serif",
         "textAlign": "center",
         "x": "1151",
         "y": "671"
    },
     "freeWonValueShadow":{
         "color": "#000",
         "alpha": "0.2",
         "font": "bold 33px Helvetica,Arial,sans-serif",
         "textAlign": "center",
         "x": "1151",
         "y": "671"
    },

    "freeWonText": {
         "color": "#FFF",
         "font": "bold 30px Helvetica,Arial,sans-serif",
         "textAlign": "center",
         "x": "1151",
         "y": "632"

    },

     "freeWonTextShadow": {
             "color": "#000",
             "font": "bold 30px Helvetica,Arial,sans-serif",
             "textAlign": "center",
             "x": "1151",
             "y": "632",
             "outline":"3.5"

     },

    "totalWinMeter": {
         "x": "1034",
         "y": "660"
    },


    "message1":{
        "color": "#9fe8f6",
        "font": "bold 30px Helvetica,Arial,sans-serif",
        "lineWidth":420,
        "lineHeight":35,
        "x":"830",
        "y":"24"
    },
    "messageShadow1":{
        "color": "#03176a",
        "font": "bold 30px Helvetica,Arial,sans-serif",
        "lineWidth":420,
        "lineHeight":35,
        "x":"830",
        "y":"24",
        "outline":"3"
     },


     "message4":{
        "color": "#9fe8f6",
        "font": "bold 30px Helvetica,Arial,sans-serif",
        "textAlign": "center",
        "x":"1060",
        "y":"42"
    },
    "messageShadow4":{
        "color": "#03176a",
          "font": "bold 30px Helvetica,Arial,sans-serif",
          "textAlign": "center",
          "x":"1060",
          "y":"42",
          "outline":"3"
        },

    "FreeMessage":{
    	    "color": "#ffc000",
            "font": "bold 25px Helvetica,Arial,sans-serif",
            "textAlign": "center",
            "lineWidth": "600",
            "lineHeight":"23",
    		"x":"516",
    		"y":"15"
    },
    "FreeMessageShadow":{
        	    "color": "#cc0d00",
                "font": "bold 25px Helvetica,Arial,sans-serif",
                "textAlign": "center",
                "lineWidth": "600",
                "lineHeight":"23",
        		"x":"516",
        		"y":"15",
        		"outline":"2.5"
    },

	"bigWinBanner":{
		"color": "#008aff",
        "font": "bold 100px Impact, Cartoonist Kooky,Cartoonist,Helvetica,Arial,sans-serif",
        "textAlign": "center",
        "x": "650",
        "y": "286"
	},
	"bigWinBannerShadow":{
        "color": "#141fb6",
        "font": "bold 100px Impact, Cartoonist Kooky,Cartoonist,Helvetica,Arial,sans-serif",
        "textAlign": "center",
        "x": "650",
        "y": "286",
        "outline":"8"
    	},

    "bigWinMeter": {
        "color": "#FFF",
        "font": "bold 46px Helvetica,Arial,sans-serif",
        "textAlign": "center",
        "x": "660",
        "y": "475"
    },

    "bigWinMeterBox": {
        "x": "540",
        "y": "470"
    },


    "leftMask": {
         "x": "-9",
         "y": "91"
    },

     "rightMask": {
        "x": "974",
        "y": "96"
     },

   "gamelogo": {
        "x": "1022",
        "y": "41"
   },

   "powerlogo": {
         "x": "7",
         "y": "13"
    },



   "msgBar": {
       "x": "128",
       "y": "711"
   },

   "iconWinMsg": {

       "color": "#FFF",
       "font": "bold 22px Helvetica,Arial,sans-serif",
       "textAlign": "center",
       "x": "506",
       "y": "727"
   },

    "iconsData": {
        "framerate": 1,
        "image":  ["device/images/symbols/sym1.png",
        "device/images/symbols/sym2.png",
        "device/images/symbols/sym3.png",
        "device/images/symbols/sym4.png",
        "device/images/symbols/sym5.png",
        "device/images/symbols/sym6.png",
        "device/images/symbols/sym7.png",
        "device/images/symbols/sym8.png",
        "device/images/symbols/sym9.png",
        "device/images/symbols/sym10.png",
        "device/images/symbols/sym11.png",
        "device/images/symbols/sym12.png"
        ],
        "frames": [
            [0,0,190,179, 0],
            [0,0,190,179, 1],
            [0,0,190,179, 2],
            [0,0,190,179, 3],
            [0,0,190,170, 4],
            [0,0,190,170, 5],
            [0,0,190,170, 6],
            [0,0,190,170, 7],
            [0,0,190,170, 8],
            [0,0,190,170, 9],
            [0,0,190,170,10],
            [0,0,190,179,11]

        ]

    },

     "msgIconsData": {
            "framerate": 1,
            "image":  ["device/images/small_symbols/sym1.png",
            "device/images/small_symbols/sym2.png",
            "device/images/small_symbols/sym3.png",
            "device/images/small_symbols/sym4.png",
            "device/images/small_symbols/sym5.png",
            "device/images/small_symbols/sym6.png",
            "device/images/small_symbols/sym7.png",
            "device/images/small_symbols/sym8.png",
            "device/images/small_symbols/sym9.png",
            "device/images/small_symbols/sym10.png",
            "device/images/small_symbols/sym11.png",
            "device/images/small_symbols/sym12.png"
            ],
            "frames": [
                [0,0,50,50, 0],
                [0,0,50,50, 1],
                [0,0,50,50, 2],
                [0,0,50,50, 3],
                [0,0,50,50, 4],
                [0,0,50,50, 5],
                [0,0,50,50, 6],
                [0,0,50,50, 7],
                [0,0,50,50, 8],
                [0,0,50,50, 9],
                [0,0,50,50,10],
                [0,0,50,50,11]


            ]

        },

        "msgIconsPos1":{
            "x":389,
            "y":712
        },

         "msgIconsPos2":{
            "x":311,
            "y":712
         },

    "reelBg_BaseData": {
        "framerate": 1,
        "image": "device/images/Bg_reel.jpg",
        "frames": [
            [49,36,180,160],
            [242,36,180,160],
            [435,121,180,160],
            [628,36,180,160],
            [821,36,180,160],
			[49,206,180,160],
            [242,206,180,160],
            [435,291,180,160],
            [628,206,180,160],
            [821,206,180,160],
			[49,376,180,160],
            [242,376,180,160],
            [435,461,180,160],
            [628,376,180,160],
            [821,376,180,160],
			[49,546,180,160],
            [242,546,180,160],
            [435,631,180,160],
            [628,546,180,160],
            [821,546,180,160]

        ],
        "spacing": 5
    },

    "reelBg_FSData": {
        "framerate": 1,
        "image": "device/images/Freegame.jpg",
        "frames": [
            [49,36,180,160],
            [242,36,180,160],
            [435,121,180,160],
            [628,36,180,160],
            [821,36,180,160],
			[49,206,180,160],
            [242,206,180,160],
            [435,291,180,160],
            [628,206,180,160],
            [821,206,180,160],
			[49,376,180,160],
            [242,376,180,160],
            [435,461,180,160],
            [628,376,180,160],
            [821,376,180,160],
			[49,546,180,160],
            [242,546,180,160],
            [435,631,180,160],
            [628,546,180,160],
            [821,546,180,160]

        ],
        "spacing": 5
    },

    "icons": {
        "spacing": 170
    },



    "reel1": {
        "x": 44,
        "y": 31
    },

    "reel2": {
        "x": 237,
        "y": 31
    },

    "reel3": {
        "x": 430,
        "y": 116
    },

    "reel4": {
        "x": 623,
        "y": 31
    },

    "reel5": {
        "x": 816,
        "y": 31
    },

    "reels": {
        "x": 0,
        "y": 0
    },

   "reelAreaMask1":{
       "SlotBoxLeft":44,
       "SlotBoxTop":31,
       "width":380,
       "height":680,
       "reelGap":3
    },

     "reelAreaMask2":{
        "SlotBoxLeft":427,
        "SlotBoxTop":116,
        "width":193,
        "height":510,
        "reelGap":3
     },

      "reelAreaMask3":{
         "SlotBoxLeft":623,
         "SlotBoxTop":31,
         "width":380,
         "height":680,
         "reelGap":3
      },
        "hrLineShape":{
          "Left":200,
          "Top":420,
          "width":620,
          "height":5

        },
		"hrLineRetrigShape":{
          "Left":180,
          "Top":410,
          "width":750,
          "height":5
        },


      "BlueStreamData":{
          "framerate": 6,
          "animate": true,
          "image": "device/images/animations/reelStrike.png",
          "scale": {
              "x": 4,
              "y": 4
          },
          "frames": {
              "width":"47",
              "height":"170",
              "count":"6"
          },
          "animations": {
              "reelBlueStreamAnim": {
                  "frames": [0,1,2,3,4,5],
                  "next": ""
              }
          }
      },

       "BlueStreamDataSmall":{
                "framerate": 6,
                "animate": true,
                "image": "device/images/animations/reelStrikeSmall.png",
                "scale": {
                    "x": 4,
                    "y": 4
                },
                "frames": {
                    "width":"47",
                    "height":"170",
                    "count":"6"
                },
                "animations": {
                    "reelBlueStreamAnim": {
                        "frames": [0,1,2,3,4,5],
                        "next": ""
                    }
                }
            },


    "winboxData":{
        "framerate": 11,
        "animate": true,
        "image": "device/images/Winbox/Winframe.png",
        "frames": {
            "width":"190",
            "height":"170",
            "count":"1"
        },
        "animations": {
            "winboxAnim": {
                "frames": [0],
                "next": "winboxAnim"
            }
        }
    },
	
	"winboxDataBig":{
        "framerate": 11,
        "animate": true,
        "image": "device/images/Winbox/WinframeBig.png",
        "frames": {
            "width":"190",
            "height":"179",
            "count":"1"
        },
        "animations": {
            "winboxAnim": {
                "frames": [0],
                "next": "winboxAnim"
            }
        }
    },
	
    "redWinData":{
        "framerate": 4,
        "animate": true,
        "image": "device/images/animations/red.png",
        "pos": {
            "x": 165,
            "y": 70
        },
        "scale": {
            "x": 4,
            "y":4
        },
        "frames": {
            "width":"179",
            "height":"167",
            "count":"9"
        },
        "animations": {
            "redAnim": {
                "frames": [0,1,2,3,4,5,6,7,8],
                "next": ""
            }
        }
    },

    "blueWinData":{
        "framerate": 4,
        "animate": true,
        "image": "device/images/animations/blue.png",
        "pos": {
            "x": 165,
            "y": 70
        },
        "scale": {
            "x": 4,
            "y":4
        },
        "frames": {
            "width":"179",
            "height":"167",
            "count":"9"
        },
        "animations": {
            "blueAnim": {
                "frames": [0,1,2,3,4,5,6,7,8],
                "next": ""
            }
        }
    },

    "sym1Data": {
        "framerate": 6,
        "animate": true,
        "image": "device/images/animations/sym1_anim.png",
        "frames": {
            "width":"190",
            "height":"179",
            "count":"18"
        },
        "animations": {
            "anim": {
                "frames": [0,1,2,3,4,5,6,7,8,9,10,11,12,13,14,15,16,17],
                "next": "anim"
            }
        }
    },
    "sym2Data": {
        "framerate": 14,
        "animate": true,
        "image": "device/images/animations/sym2_anim.png",
        "frames": {
            "width":"190",
            "height":"179",
            "count":"18"
        },
        "animations": {
            "anim": {
                "frames": [0,1,2,3,4,5,6,7,8,9,10,11,12,13,14,15,16,17],
                "next": "anim"
            }
        }
    },
    "sym3Data": {
        "framerate": 12,
        "animate": true,
        "image": "device/images/animations/sym3_anim.png",
        "frames": {
            "width":"190",
            "height":"179",
            "count":"18"
        },
        "animations": {
            "anim": {
                "frames": [0,1,2,3,4,5,6,7,8,9,10,11,12,13,14,15,16,17],
                "next": "anim"
            }
        }
    },
    "sym4Data": {
        "framerate": 12,
                "animate": true,
                "image": "device/images/animations/sym4_anim.png",
                "frames": {
                    "width":"190",
                    "height":"179",
                    "count":"18"
                },
                "animations": {
                    "anim": {
                        "frames": [0,1,2,3,4,5,6,7,8,9,10,11,12,13,14,15,16,17],
                        "next": ""
                    }
                }
    },
    "sym5Data": {
        "framerate": 12,
        "animate": true,
        "image": "device/images/animations/sym5_anim.png",
        "frames": {
            "width":"190",
            "height":"170",
            "count":"18"
        },
        "animations": {
            "anim": {
                "frames": [0,1,2,3,4,5,6,7,8,9,10,11,12,13,14,15,16,17],
                "next": "anim"
            }
        }
    },
    "sym6Data": {
        "framerate": 12,
        "animate": true,
        "image": "device/images/symbols/sym6.png",
        "frames": {
            "width":"190",
            "height":"170",
            "count":"1"
        },
        "animations": {
            "anim": {
                "frames": [0],
                "next": "anim"
            }
        }
    },
    "sym7Data": {
        "framerate": 12,
                "animate": true,
                "image": "device/images/symbols/sym7.png",
                "frames": {
                    "width":"190",
                    "height":"170",
                    "count":"1"
                },
                "animations": {
                    "anim": {
                        "frames": [0],
                        "next": ""
                    }
                }

    },
    "sym8Data": {
       "framerate": 12,
               "animate": true,
               "image": "device/images/symbols/sym8.png",
               "frames": {
                   "width":"190",
                   "height":"170",
                   "count":"1"
               },
               "animations": {
                   "anim": {
                       "frames": [0],
                       "next": ""
                   }
               }

    },
    "sym9Data":{
               "framerate": 12,
               "animate": true,
               "image": "device/images/symbols/sym9.png",
               "frames": {
                   "width":"190",
                   "height":"170",
                   "count":"1"
               },
               "animations": {
                   "anim": {
                       "frames": [0],
                       "next": ""
                   }
               }

    },
    "sym10Data": {
              "framerate": 12,
              "animate": true,
              "image": "device/images/symbols/sym10.png",
              "frames": {
                  "width":"190",
                  "height":"170",
                  "count":"1"
              },
              "animations": {
                  "anim": {
                      "frames": [0],
                      "next": ""
                  }
              }

    },

    "scatterData": {
        "framerate": 12,
        "animate": true,
        "image": "device/images/animations/sym12_anim.png",
        "frames": {
            "width":"190",
            "height":"179",
            "count":"18"
        },
        "animations": {
            "anim": {
                "frames": [0,1,2,3,4,5,6,7,8,9,10,11,12,13,14,15,16,17],
                "next": "anim"
            }
        }
    },
 "scatterTriggerHalfData":{
             "framerate": 11,
             "animate": true,
             "image": "device/images/animations/bonus_marker.png",
             "frames": {
                 "width":"190",
                 "height":"179",
                 "count":"12"
             },
             "animations": {
                 "scatterHalf": {
                     "frames": [0,1,2,3,4,5,6,7,8,9,10,11],
                     "next": "scatterHalf"
                 }
             }
         },

    "scatterTriggerData": {
        "framerate": 12,
        "animate": true,
        "image": "device/images/animations/sym12_anim.png",
        "frames": {
            "width":"190",
            "height":"179",
            "count":"18"
        },
        "animations": {
            "anim": {
                "frames": [0,1,2,3,4,5,6,7,8,9,10,11,12,13,14,15,16,17],
                "next": "anim"
            }
        }
    },

    "reelAnticipationData":{
        "framerate": 4,
        "animate": true,
        "image": "device/images/animations/anticipation.png",
        "frames": {
            "width":"68",
            "height":"186",
            "count":"4"
        },
        "scale": {
            "x": 5,
            "y": 4.25
        },
        "animations": {
            "reelAnticipation": {
                "frames": [0,1,2,3],
                "next": "reelAnticipation"
            }
        },
        "spacing": {
            "x": 33,
            "y": 36
        }


    },

        "stickyWildAnimData":{
			"framerate": 10,
			"animate": true,
			"image": "device/images/animations/sym2_anim.png",
			"frames": {
				"width":"190",
				"height":"179",
				"count":"18"
			},
			"scale": {
					"x": 1,
					"y": 1
				},
				
			"animations": {
				"stickyWildAnim": {
					"frames": [0,1,2,3,4,5,6,7,8,9,10,11,12,13,14,15,16,17],
					"next": ""
				}
			},
			
				"spacing": {
					"x": 33,
					"y": 36
				}
        },

        "stickyWildLoopData":{
            "framerate": 4,
            "animate": true,
            "image": "device/images/animations/stickyWild.png",
            "frames": {
                "width":"68",
                "height":"186",
                "count":"4"
            },
            "scale": {
                "x": 5,
                "y": 4.25
            },
            "animations": {
                "stickyWildLoop": {
                    "frames": [0,1,2,3],
                    "next": "stickyWildLoop"
                }
            },
            "spacing": {
                "x": 33,
                "y": 36
            }


        },

        "stickyWildStartData":{
            "framerate": 10,
            "animate": true,
            "image": "device/images/animations/WildMarker.png",
            "frames": {
                "width":"190",
                "height":"179",
                "count":"12"
            },
            "scale": {
                "x": 1,
                "y": 1
            },
            "animations": {
                "stickyWildStart": {
                    "frames": [0,1,2,3,4,5,6,7,8,9,10,11],
                    "next": ""
                }
            },
            "spacing": {
                "x": 33,
                "y": 36
            }


        },





    "blankData": {
        "framerate": 10,
        "animate": false,
        "image": "device/images/symbols/blank.png",
        "frames": {
            "width":"1",
            "height":"1",
            "count":"1"
        },
        "animations": {
            "anim": {
                "frames": [0],
                "next": "anim"
            }
        }
    },

     "celebrationWindowIntroData": {
            "image": "device/images/Celebration_win/Celebration_windowIntro.png",
            "position": {
                "x": 0,
                "y": 0
            }
        },


    "celebrationWindowData": {
        "image": "device/images/Celebration_win/Celebration_windowIntro.png",
        "position": {
            "x": 0,
            "y": 0
        }
    },

    "fireWolfAnimData":{
        "framerate": 3,
        "animate": true,
        "pos": {
            "x": 0,
            "y": 0
        },
        "scale": {
            "x": 4,
            "y": 4
        },
        "image": "device/images/animations/transition_1.png",
        "frames": {
            "width":"320",
            "height":"200",
            "count":"6"
        },
        "animations": {
            "introAnim": {
                "frames": [0,1,2,3,4,5],
                "next": ""
            }
        }
    },

    "fireWolfAnimDataEnd":{
        "framerate": 3,
        "animate": true,
        "pos": {
            "x": 0,
            "y": 0
        },
        "scale": {
            "x": 4,
            "y": 4
        },
        "image": "device/images/animations/transition_2.png",
        "frames": {
            "width":"320",
            "height":"200",
            "count":"6"
        },
        "animations": {
            "introAnimEnd": {
                "frames": [0,1],
                "next": ""
            },
            "introAnimEnd2": {
                "frames": [2,3,4,5],
                "next": ""
            }
        }
    },


  "fireWolfSummaryData":{
        "framerate": 4,
        "animate": true,
        "pos": {
            "x": 0,
            "y": 0
        },
        "scale": {
            "x": 4,
            "y": 4
        },
        "image": "device/images/animations/summary_1.png",
        "frames": {
            "width":"320",
            "height":"200",
            "count":"10"
        },
        "animations": {
            "outroAnim": {
                "frames": [0,1,2,3,4,5,6,7,8,9],
                "next": ""
            }


        }
    },

    "fireWolfSummaryEndData":{
          "framerate": 2,
          "animate": true,
          "pos": {
              "x": 0,
              "y": 0
          },
          "scale": {
              "x": 2,
              "y": 2
          },
          "image": "device/images/animations/summary_2.png",
          "frames": {
              "width":"640",
              "height":"400",
              "count":"6"
          },
          "animations": {
              "outroAnimEnd": {
                  "frames": [0,1,2,3,4],
                  "next": ""
              },
              "outroAnimEnd2": {
                   "frames": [0,1,2,3,4,5],
                   "next": ""
              }
          }
      },

    "celebrationOutroWindowData": {
        "image": "device/images/Celebration_win/CelebrationWindowFrame.png",
        "position": {
            "x": 0,
            "y": 0
        }
    },


    "bigWinAnimData": {
        "framerate": 11,
        "animate": true,
        "pos": {
            "x": 610,
            "y": 300
        },
        "scale": {
            "x": 2,
            "y": 2
        },
        "image": "device/images/animations/bigWin.png",
        "frames": {
            "width":"338",
            "height":"284",
            "count":"11"
        },
        "animations": {
            "lightBigWin": {
                "frames": [0,1,2,3,4,5,6],
                "next": ""
            }
        }
    },

    "bigWinAnimData1": {
        "framerate": 11,
        "animate": true,
        "pos": {
            "x": 610,
            "y": 300
        },
        "scale": {
            "x": 2,
            "y": 2
        },
        "image": "device/images/animations/bigWin.png",
        "frames": {
            "width":"338",
            "height":"284",
            "count":"11"
        },
        "animations": {
            "lightBigWin1": {
                "frames": [7,8,9,10],
                "next": "lightBigWin1"
            }
        }
    },

    "bigWinAnimData2": {
        "framerate": 11,
        "animate": true,
        "pos": {
            "x": 0,
            "y": 300
        },
        "scale": {
            "x": 2,
            "y": 2
        },
        "image": "device/images/animations/bigWin.png",
        "frames": {
            "width":"338",
            "height":"284",
            "count":"11"
        },
        "animations": {
            "lightBigWin2": {
                "frames": [0,1,2,3,4,5,6],
                "next": ""
            }
        }
    },

    "bigWinAnimData3": {
        "framerate": 11,
        "animate": true,
        "pos": {
            "x": 0,
            "y": 300
        },
        "scale": {
            "x": 2,
            "y": 2
        },
        "image": "device/images/animations/bigWin.png",
        "frames": {
            "width":"338",
            "height":"284",
            "count":"11"
        },
        "animations": {
            "lightBigWin3": {
                "frames": [7,8,9,10],
                "next": "lightBigWin3"
            }
        }
    }

}