{

    "tfFsWon1": {
        "color": "#fad039",
        "font": "bold 52px Helvetica,Arial,sans-serif",
        "textAlign": "center",
        "x": "355",
        "y": "70"
    },

    "tfFsWon2": {
        "color": "#c19ff5",
        "font": "bold 48px Helvetica,Arial,sans-serif",
        "textAlign": "right",
        "x": "270",
        "y": "140"
    },

    "tfFsWon3": {
        "color": "#2b0b59",
        "font": "bold 38px Helvetica,Arial,sans-serif",
        "textAlign": "center",
        "x": "410",
        "y": "145"
    },

    "tfFsWon4": {
        "color": "#2b0b59",
        "font": "bold 32px Helvetica,Arial,sans-serif",
        "textAlign": "center",
        "x": "170",
        "y": "203"
    },

    "tfFsWon5": {
        "color": "#c19ff5",
        "font": "bold 48px Helvetica,Arial,sans-serif",
        "textAlign": "right",
        "x": "270",
        "y": "188"
    },
    "tfFsWon6": {
        "color": "#2b0b59",
        "font": "bold 32px Helvetica,Arial,sans-serif",
        "textAlign": "center",
        "x": "410",
        "y": "202"
    },
    "tfFsWon7": {
        "color": "#c19ff5",
        "font": "bold 65px Helvetica,Arial,sans-serif",
        "textAlign": "right",
        "x": "270",
        "y": "268"
    },
    "tfFsWon8": {
        "color": "#2b0b59",
        "font": "bold 37px Helvetica,Arial,sans-serif",
        "textAlign": "center",
        "x": "410",
        "y": "265"
    },
    "tfFsWon9": {
        "color": "#2b0b59",
        "font": "bold 41px Helvetica,Arial,sans-serif",
        "textAlign": "center",
        "x": "410",
        "y": "308"
    },


    "tfFsWonShadow1": {
        "color": "#000",
        "font": "bold 52px Helvetica,Arial,sans-serif",
        "textAlign": "center",
        "x": "355",
        "y": "70",
        "outline":"2.5"
    },

    "tfFsWonShadow2": {
        "color": "#000",
        "font": "bold 48px Helvetica,Arial,sans-serif",
        "textAlign": "right",
        "x": "270",
        "y": "140",
        "outline":"2.5"
    },

    "tfFsWonShadow3": {
        "color": "#868f0b",
        "font": "bold 38px Helvetica,Arial,sans-serif",
        "textAlign": "center",
        "x": "410",
        "y": "145",
        "outline":"2.5"
    },

    "tfFsWonShadow4": {
        "color": "#868f0b",
        "font": "bold 32px Helvetica,Arial,sans-serif",
        "textAlign": "center",
        "x": "170",
        "y": "203",
        "outline":"2.5"
    },
    "tfFsWonShadow5": {
        "color": "#000",
        "font": "bold 48px Helvetica,Arial,sans-serif",
        "textAlign": "right",
        "x": "270",
        "y": "188",
        "outline":"2.5"
    },
    "tfFsWonShadow6": {
        "color": "#868f0b",
        "font": "bold 32px Helvetica,Arial,sans-serif",
        "textAlign": "center",
        "x": "410",
        "y": "202",
        "outline":"2.5"
    },
    "tfFsWonShadow7": {
            "color": "#000",
            "font": "bold 65px Helvetica,Arial,sans-serif",
            "textAlign": "right",
            "x": "270",
            "y": "268",
            "outline":"2.5"
    },
    "tfFsWonShadow8": {
            "color": "#868f0b",
            "font": "bold 37px Helvetica,Arial,sans-serif",
            "textAlign": "center",
            "x": "410",
            "y": "265",
            "outline":"2.5"
    },
    "tfFsWonShadow9": {
            "color": "#868f0b",
            "font": "bold 41px Helvetica,Arial,sans-serif",
            "textAlign": "center",
            "x": "410",
            "y": "308",
            "outline":"2.5"
    },
    "tfFsAmountWon1": {
        "color": "#fad039",
        "font": "bold 50px Helvetica,Arial,sans-serif",
        "textAlign": "center",
        "x": "351",
        "y": "72"
    },

    "tfFsAmountWon2": {
        "color": "#c19ff5",
        "font": "bold 70px Helvetica,Arial,sans-serif",
        "textAlign": "center",
        "x": "340",
        "y": "145"
    },

    "tfFsAmountWon3": {
         "color": "#2b0b59",
         "font": "bold 40px Helvetica,Arial,sans-serif",
         "textAlign": "center",
         "x": "340",
         "y": "225"
     },
    "tfFsAmountWon4": {
           "color": "#2b0b59",
           "font": "bold 40px Helvetica,Arial,sans-serif",
           "textAlign": "center",
           "x": "180",
           "y": "275"
       },
 "tfFsAmountWon5": {
         "color": "#c19ff5",
         "font": "bold 45px Helvetica,Arial,sans-serif",
         "textAlign": "center",
         "x": "255",
         "y": "270"
     },
    "tfFsAmountWon6": {
           "color": "#2b0b59",
           "font": "bold 40px Helvetica,Arial,sans-serif",
           "textAlign": "center",
           "x": "430",
           "y": "275"
       },


    "tfFsAmountWonShadow1": {
        "color": "#000",
        "font": "bold 50px Helvetica,Arial,sans-serif",
        "textAlign": "center",
        "x": "351",
        "y": "72",
	    "outline":"8"
    },

    "tfFsAmountWonShadow2": {
        "color": "#000",
        "font": "bold 70px Helvetica,Arial,sans-serif",
        "textAlign": "center",
        "x": "340",
        "y": "145",
	    "outline":"8"
    },

    "tfFsAmountWonShadow3": {
        "color": "#868f0b",
        "font": "bold 40px Helvetica,Arial,sans-serif",
        "textAlign": "center",
        "x": "340",
        "y": "225",
	    "outline":"6"
    },
    "tfFsAmountWonShadow4": {
            "color": "#868f0b",
            "font": "bold 40px Helvetica,Arial,sans-serif",
            "textAlign": "center",
            "x": "180",
            "y": "275",
             "outline":"6"
        },
    "tfFsAmountWonShadow5": {
        "color": "#000",
        "font": "bold 45px Helvetica,Arial,sans-serif",
        "textAlign": "center",
        "x": "255",
        "y": "270",
         "outline":"8"
    },
    "tfFsAmountWonShadow6": {
        "color": "#868f0b",
        "font": "bold 40px Helvetica,Arial,sans-serif",
        "textAlign": "center",
        "x": "430",
        "y": "275",
         "outline":"6"
    },

    "tfFsRetrigWon0": {
        "color": "#fad039",
        "font": "bold 52px Helvetica,Arial,sans-serif",
        "textAlign": "center",
        "x": "355",
        "y": "70"
    },
	
	"tfFsRetrigWonShadow0": {
        "color": "#000",
        "font": "bold 52px Helvetica,Arial,sans-serif",
        "textAlign": "center",
        "x": "355",
        "y": "70",
        "outline":"8"
    },
	
	"tfFsRetrigWon1": {
        "color": "#c19ff5",
        "font": "bold 48px Helvetica,Arial,sans-serif",
        "textAlign": "right",
        "x": "270",
        "y": "140"
    },
	"tfFsRetrigWonShadow1": {
        "color": "#000",
        "font": "bold 48px Helvetica,Arial,sans-serif",
        "textAlign": "right",
        "x": "270",
        "y": "140",
        "outline":"4"
    },
	
    "tfFsRetrigWon2": {
        "color": "#2b0b59",
        "font": "bold 38px Helvetica,Arial,sans-serif",
        "textAlign": "center",
        "x": "410",
        "y": "145"
    },
	"tfFsRetrigWonShadow2": {
        "color": "#868f0b",
        "font": "bold 38px Helvetica,Arial,sans-serif",
        "textAlign": "center",
        "x": "410",
        "y": "145",
        "outline":"2.5"
    },

    "tfFsRetrigWon3": {
        "color": "#2b0b59",
        "font": "bold 32px Helvetica,Arial,sans-serif",
        "textAlign": "center",
        "x": "170",
        "y": "203"
    },
	
    "tfFsRetrigWonShadow3": {
        "color": "#868f0b",
        "font": "bold 32px Helvetica,Arial,sans-serif",
        "textAlign": "center",
        "x": "170",
        "y": "203",
        "outline":"2.5"
    },
    "tfFsRetrigWon4": {
        "color": "#c19ff5",
        "font": "bold 48px Helvetica,Arial,sans-serif",
        "textAlign": "right",
        "x": "270",
        "y": "188"
    },
	
	
    "tfFsRetrigWonShadow4": {
        "color": "#000",
        "font": "bold 48px Helvetica,Arial,sans-serif",
        "textAlign": "right",
        "x": "270",
        "y": "188",
        "outline":"4"
    },
	
    "tfFsRetrigWon5": {
        "color": "#2b0b59",
        "font": "bold 32px Helvetica,Arial,sans-serif",
        "textAlign": "center",
        "x": "410",
        "y": "202"
    },
	
	"tfFsRetrigWonShadow5": {
        "color": "#868f0b",
        "font": "bold 32px Helvetica,Arial,sans-serif",
        "textAlign": "center",
        "x": "410",
        "y": "202",
        "outline":"2.5"
    },
	
	
    "tfFsRetrigWon6": {
        "color": "#c19ff5",
        "font": "bold 65px Helvetica,Arial,sans-serif",
        "textAlign": "right",
        "x": "270",
        "y": "268"
    },
	
	
    "tfFsRetrigWonShadow6": {
            "color": "#000",
            "font": "bold 65px Helvetica,Arial,sans-serif",
            "textAlign": "right",
            "x": "270",
            "y": "268",
            "outline":"2.5"
    },
	
    "tfFsRetrigWon7": {
        "color": "#2b0b59",
        "font": "bold 22px Helvetica,Arial,sans-serif",
        "textAlign": "center",
        "x": "410",
        "y": "280"
    },
	"tfFsRetrigWonShadow7": {
            "color": "#868f0b",
            "font": "bold 22px Helvetica,Arial,sans-serif",
            "textAlign": "center",
            "x": "410",
            "y": "280",
            "outline":"2.5"
    },
	
    "tfFsRetrigWon8": {
        "color": "#2b0b59",
        "font": "bold 41px Helvetica,Arial,sans-serif",
        "textAlign": "center",
        "x": "410",
        "y": "308"
    },
    
    "tfFsRetrigWonShadow8": {
            "color": "#868f0b",
            "font": "bold 41px Helvetica,Arial,sans-serif",
            "textAlign": "center",
            "x": "410",
            "y": "308",
            "outline":"2.5"
    },
    "tfIntroText1":{
        "color": "#9fe8f6",
        "font": "bold 18px Helvetica,Arial,sans-serif",
        "x": "300",
        "y": "385"
    },
    "tfIntroTextShadow1":{
        "color": "#03176a",
        "font": "bold 18px Helvetica,Arial,sans-serif",
        "x": "300",
        "y": "385" ,
        "outline":"2.5"
    },

    "tfIntroText2":{
        "color": "#cc0d00",
        "font": "bold 24px Helvetica,Arial,sans-serif",
        "x": "453",
        "y": "385"
    },
    "tfIntroTextShadow2":{
        "color": "#000",
        "font": "bold 24px Helvetica,Arial,sans-serif",
        "x": "453",
        "y": "385" ,
        "outline":"3"
    },

    "tfIntroText3":{
        "color": "#9fe8f6",
        "font": "bold 23px Helvetica,Arial,sans-serif",
        "x": "483",
        "y": "385"
    },
    "tfIntroTextShadow3":{
        "color": "#03176a",
        "font": "bold 23px Helvetica,Arial,sans-serif",
        "x": "483",
        "y": "385" ,
        "outline":"3"
    },

	"tfContinue": {
        "color": "#d1f1fe",
        "font": "bold 20px Helvetica,Arial,sans-serif",
        "textAlign": "center",
        "x": "400",
        "y": "300"
    },

    "tfContinueShadow": {
        "color": "#FF0000",
        "font": "bold 20px Helvetica,Arial,sans-serif",
        "textAlign": "center",
        "x": "400",
        "y": "300",
        "outline":"4"
    },


     "tfIntroContinue": {
            "color": "#FFF",
            "font": "bold 17px Helvetica,Arial,sans-serif",
            "textAlign": "center",
            "x": "692",
            "y": "422"
        },

    "tfIntroContinueShadow": {
        "color": "#FF0000",
        "font": "bold 17px Helvetica,Arial,sans-serif",
        "textAlign": "center",
        "x": "692",
        "y": "422",
	    "outline":"3"
    },

    "scattersym":{
        "x": "95",
        "y": "384"
    } ,

    "tfCounter": {
        "color": "#FFF",
        "font": "bold 18px Helvetica,Arial,sans-serif",
        "textAlign": "center",
        "x": "740",
        "y": "186"
    },

    "tfCounterShadow": {
        "color": "#000",
        "alpha": "0.2",
        "font": "bold 20px Helvetica,Arial,sans-serif",
        "textAlign": "center",
        "x": "740",
        "y": "186"
    },

    "tfCounterText":{
        "color": "#FFF",
        "font": "bold 16px Helvetica,Arial,sans-serif",
        "textAlign": "center",
        "x": "740",
        "y": "163"
    },
     "tfCounterTextShadow":{
            "color": "#000",
            "font": "bold 16px Helvetica,Arial,sans-serif",
            "textAlign": "center",
            "x": "740",
            "y": "163",
            "outline":"2.5"
     },

    "freeGamesMeter": {
        "x": "688",
        "y": "182"
    },

    "tfWon": {
        "color": "#FFF",
        "font": "bold 18px Helvetica,Arial,sans-serif",
        "textAlign": "center",
        "x": "740",
        "y": "342"
    },

    "tfWonShadow": {
        "color": "#000",
        "alpha": "0.2",
        "font": "bold 18px Helvetica,Arial,sans-serif",
        "textAlign": "center",
        "x": "740",
        "y": "342"
    },

    "winText": {
        "color": "#FFF",
        "font": "bold 16px Helvetica,Arial,sans-serif",
        "textAlign": "center",
        "x": "740",
        "y": "319"
    },
     "winTextShadow": {
        "color": "#000",
        "font": "bold 16px Helvetica,Arial,sans-serif",
        "textAlign": "center",
        "x": "740",
        "y": "319",
    "outline":"2.5"
    },

    "winMeter": {
        "x": "688",
        "y": "338"
    },

    "freeWonValue":{
         "color": "#FFF",
         "font": "bold 18px Helvetica,Arial,sans-serif",
         "textAlign": "center",
         "x": "740",
         "y": "399"
    },
    "freeWonValueShadow":{
         "color": "#000",
          "alpha": "0.2",
         "font": "bold 18px Helvetica,Arial,sans-serif",
         "textAlign": "center",
         "x": "740",
         "y": "399"
    },

    "freeWonText": {
         "color": "#FFF",
         "font": "bold 14px Helvetica,Arial,sans-serif",
         "textAlign": "center",
         "x": "740",
         "y": "378"
    },
  "freeWonTextShadow": {
     "color": "#000",
     "font": "bold 14px Helvetica,Arial,sans-serif",
     "textAlign": "center",
     "x": "740",
     "y": "378",
     "outline":"2.5"
    },


    "totalWinMeter": {
         "x": "688",
         "y": "395"
    },
	 "message1":{
        "color": "#9fe8f6",
        "font": "bold 14px Helvetica,Arial,sans-serif",
        "lineWidth":250,
        "lineHeight":20,
        "x":"560",
        "y":"10"
    },
    "messageShadow1":{
        "color": "#03176a",
        "font": "bold 14px Helvetica,Arial,sans-serif",
        "lineWidth":250,
        "lineHeight":20,
        "x":"560",
        "y":"10",
        "outline":"2.5"
        },
  "message2":{
  	    "color": "#cc0d00",
          "font": "bold 18px Helvetica,Arial,sans-serif",     		
  		"x":"540",
  		"y":"32"
  	},
  	"messageShadow2":{
  	    "color": "#000",
          "font": "bold 18px Helvetica,Arial,sans-serif",      
          "x":"540",
          "y":"32",
          "outline":"3"
      	},

  "message3":{
  	    "color": "#9fe8f6",
          "font": "bold 18px Helvetica,Arial,sans-serif",
  		"x":"560",
  		"y":"32"
  	},
  	"messageShadow3":{
  	    "color": "#03176a",
          "font": "bold 18px Helvetica,Arial,sans-serif",
          "x":"560",
          "y":"32",
          "outline":"3"
      	},
     "message4":{
        "color": "#9fe8f6",
        "font": "bold 14px Helvetica,Arial,sans-serif",
        "textAlign": "center",
        "x":"660",
        "y":"10"
    },
    "messageShadow4":{
        "color": "#03176a",
          "font": "bold 14px Helvetica,Arial,sans-serif",
          "textAlign": "center",
          "x":"660",
          "y":"10",
          "outline":"2.5"
        },
	"bigWinBanner":{
	"color": "#008aff",
        "font": "bold 60px Impact, Cartoonist Kooky,Cartoonist,Helvetica,Arial,sans-serif",
        "textAlign": "center",
        "x": "400",
        "y": "180"
	},
	"bigWinBannerShadow":{
	    "color": "#141fb6",
        "font": "bold 60px Impact, Cartoonist Kooky,Cartoonist,Helvetica,Arial,sans-serif",
        "textAlign": "center",
        "x": "400",
        "y": "180",
	    "outline":"4"
	},

    "bigWinMeter": {
        "color": "#FFF",
        "font": "bold 22px Helvetica,Arial,sans-serif",
        "textAlign": "center",
        "x": "400",
        "y": "272"
    },

    "bigWinMeterBox": {
        "x": "346",
        "y": "270"
    },

    "leftMask": {
         "x": "8",
         "y": "41"
    },

     "rightMask": {
        "x": "653",
        "y": "43"
     },

   "gamelogo": {
        "x": "670",
        "y": "7"
   },
	
	"powerlogo":{
		 "x": "33",
        "y": "-5"
   },
   
   "msgBar": {
       "x": "75",
       "y": "406"
   },

   "iconWinMsg": {

       "color": "#FFF",
       "font": "bold 13px Helvetica,Arial,sans-serif",
       "textAlign": "center",
       "x": "345",
       "y": "418"
   },

    "iconsData": {
        "framerate": 1,
        "image":  ["device/images/symbols/sym1.png",
        "device/images/symbols/sym2.png",
        "device/images/symbols/sym3.png",
        "device/images/symbols/sym4.png",
        "device/images/symbols/sym5.png",
        "device/images/symbols/sym6.png",
        "device/images/symbols/sym7.png",
        "device/images/symbols/sym8.png",
        "device/images/symbols/sym9.png",
        "device/images/symbols/sym10.png",
        "device/images/symbols/sym11.png"
        ],
        "frames": [
            [0,0,122,101, 0],
            [0,0,122,101, 1],
            [0,0,122,101, 2],
            [0,0,122,101, 3],
            [0,0,122,101, 4],
            [0,0,122,101, 5],
            [0,0,122,101, 6],
            [0,0,122,101, 7],
            [0,0,122,101, 8],
            [0,0,122,101, 9],
            [0,0,122,101,10]

        ]

    },

     "msgIconsData": {
            "framerate": 1,
            "image":  ["device/images/small_symbols/sym1.png",
            "device/images/small_symbols/sym2.png",
            "device/images/small_symbols/sym3.png",
            "device/images/small_symbols/sym4.png",
            "device/images/small_symbols/sym5.png",
            "device/images/small_symbols/sym6.png",
            "device/images/small_symbols/sym7.png",
            "device/images/small_symbols/sym8.png",
            "device/images/small_symbols/sym9.png",
            "device/images/small_symbols/sym10.png",
            "device/images/small_symbols/sym11.png"
            ],
            "frames": [
                [0,0,50,50, 0],
                [0,0,50,50, 1],
                [0,0,50,50, 2],
                [0,0,50,50, 3],
                [0,0,50,50, 4],
                [0,0,50,50, 5],
                [0,0,50,50, 6],
                [0,0,50,50, 7],
                [0,0,50,50, 8],
                [0,0,50,50, 9],
                [0,0,50,50,10]


            ]

        },

        "msgIconsPos1":{
            "x":389,
            "y":712
        },

         "msgIconsPos2":{
            "x":311,
            "y":712
         },
    "reelBg_BaseData": {
        "framerate": 1,
        "image": "device/images/Bg_reel.jpg",
        "frames": [
            [36,62,114,93],
            [164,11,114,93],
            [292,11,114,93],
            [420,11,114,93],
            [548,62,114,93],
			[36,163,114,93],
            [164,112,114,93],
            [292,112,114,93],
            [420,112,114,93],
            [548,163,114,93],
			[36,264,114,93],
            [164,213,114,93],
            [292,213,114,93],
            [420,213,114,93],
            [548,264,114,93],
			[36,365,114,93],
            [164,314,114,93],
            [292,314,114,93],
            [420,314,114,93],
            [548,365,114,93]
        ],
        "spacing": 4
    },

    "reelBg_FSData": {
        "framerate": 1,
        "image": "device/images/Freegame.jpg",
        "frames": [
            [36,62,114,93],
            [164,11,114,93],
            [292,11,114,93],
            [420,11,114,93],
            [548,62,114,93],
			[36,163,114,93],
            [164,112,114,93],
            [292,112,114,93],
            [420,112,114,93],
            [548,163,114,93],
			[36,264,114,93],
            [164,213,114,93],
            [292,213,114,93],
            [420,213,114,93],
            [548,264,114,93],
			[36,365,114,93],
            [164,314,114,93],
            [292,314,114,93],
            [420,314,114,93],
            [548,365,114,93]

        ],
        "spacing": 4
    },

    "icons": {
        "spacing": 101
    },

    "reel1": {
        "x": 32,
        "y": 58
    },

    "reel2": {
        "x": 160,
        "y": 7
    },

    "reel3": {
        "x": 288,
        "y": 7
    },

    "reel4": {
        "x": 416,
        "y": 7
    },

    "reel5": {
        "x": 544,
        "y": 58
    },

    "reels": {
        "x": 0,
        "y": 0
    },

    "reelAreaMask1":{
        "SlotBoxLeft":32,
        "SlotBoxTop":58,
        "width":126,
        "height":303,
        "reelGap":1
     },

      "reelAreaMask2":{
         "SlotBoxLeft":159,
         "SlotBoxTop":7,
         "width":378,
         "height":405,
         "reelGap":1
      },

       "reelAreaMask3":{
          "SlotBoxLeft":528,
          "SlotBoxTop":58,
          "width":137,
          "height":304,
          "reelGap":1
       },
        "hrLineShape":{
          "Left":160,
          "Top":250,
          "width":410,
          "height":5

        },

        "hrLineRetrigShape":{
          "Left":170,
          "Top":260,
          "width":410,
          "height":5
        },
        

	"BlueStreamData":{
          "framerate": 8,
          "animate": true,
          "image": "device/images/animations/reelStrike.png",
          "scale": {
              "x": 4,
              "y": 4
          },
          "frames": {
              "width":"61",
              "height":"202",
              "count":"6"
          },
          "animations": {
              "reelBlueStreamAnim": {
                  "frames": [0,1,2,3,4,5],
                  "next": ""
              }
          }
      },


      "winboxData":{
        "framerate": 11,
        "animate": true,
        "image": "device/images/Winbox/Winframe.png",
        "frames": {
            "width":"122",
            "height":"101",
            "count":"4"
        },
        "animations": {
            "winboxAnim": {
                "frames": [0,1,2,3],
                "next": "winboxAnim"
            }
        }
    },

    "redWinData":{
        "framerate": 4,
        "animate": true,
        "image": "device/images/animations/red.png",
        "pos": {
            "x": 165,
            "y": 50
        },
        "scale": {
            "x": 2,
            "y":2
        },
        "frames": {
            "width":"184",
            "height":"199",
            "count":"9"
        },
        "animations": {
            "redAnim": {
                "frames": [0,1,2,3,4,5,6,7,8],
                "next": ""
            }
        }
    },

    "blueWinData":{
        "framerate": 4,
        "animate": true,
        "image": "device/images/animations/blue.png",
        "pos": {
            "x": 165,
            "y": 50
        },
        "scale": {
            "x": 2,
            "y":2
        },
        "frames": {
            "width":"184",
            "height":"199",
            "count":"9"
        },
        "animations": {
            "blueAnim": {
                "frames": [0,1,2,3,4,5,6,7,8],
                "next": ""
            }
        }
    },	
	
    "sym1Data": {
        "framerate": 6,
        "animate": true,
        "image": "device/images/animations/sym1_anim.png",
        "frames": {
            "width":"122",
            "height":"101",
            "count":"18"
        },
        "animations": {
            "anim": {
                "frames": [0,1,2,3,4,5,6,7,8,9,10,11,12,13,14,15,16,17],
                "next": "anim"
            }
        }
    },
    "sym2Data": {
        "framerate": 14,
        "animate": true,
        "image": "device/images/animations/sym2_anim.png",
        "frames": {
            "width":"122",
            "height":"101",
            "count":"18"
        },
        "animations": {
            "anim": {
                "frames": [0,1,2,3,4,5,6,7,8,9,10,11,12,13,14,15,16,17],
                "next": "anim"
            }
        }
    },
    "sym3Data": {
        "framerate": 12,
        "animate": true,
        "image": "device/images/animations/sym3_anim.png",
        "frames": {
            "width":"122",
            "height":"101",
            "count":"18"
        },
        "animations": {
            "anim": {
                "frames": [0,1,2,3,4,5,6,7,8,9,10,11,12,13,14,15,16,17],
                "next": "anim"
            }
        }
    },
    "sym4Data": {
        "framerate": 12,
                "animate": true,
                "image": "device/images/animations/sym4_anim.png",
                "frames": {
                    "width":"122",
                    "height":"101",
                    "count":"18"
                },
                "animations": {
                    "anim": {
                        "frames": [0,1,2,3,4,5,6,7,8,9,10,11,12,13,14,15,16,17],
                        "next": ""
                    }
                }
    },
    "sym5Data": {
        "framerate": 12,
        "animate": true,
        "image": "device/images/animations/sym5_anim.png",
        "frames": {
            "width":"122",
            "height":"101",
            "count":"18"
        },
        "animations": {
            "anim": {
                "frames": [0,1,2,3,4,5,6,7,8,9,10,11,12,13,14,15,16,17],
                "next": "anim"
            }
        }
    },
    "sym6Data": {
        "framerate": 12,
        "animate": true,
        "image": "device/images/animations/sym6_anim.png",
        "frames": {
            "width":"122",
            "height":"101",
            "count":"18"
        },
        "animations": {
            "anim": {
                "frames": [0,1,2,3,4,5,6,7,8,9,10,11,12,13,14,15,16,17],
                "next": "anim"
            }
        }
    },
    "sym7Data": {
       "framerate": 12,
               "animate": true,
               "image": "device/images/symbols/sym7.png",
               "frames": {
                   "width":"122",
                   "height":"101",
                   "count":"1"
               },
               "animations": {
                   "anim": {
                       "frames": [0],
                       "next": ""
                   }
               }
    },
    "sym8Data": {
       "framerate": 12,
               "animate": true,
               "image": "device/images/symbols/sym8.png",
               "frames": {
                   "width":"122",
                   "height":"101",
                   "count":"1"
               },
               "animations": {
                   "anim": {
                       "frames": [0],
                       "next": ""
                   }
               }
    },
    "sym9Data": {
       "framerate": 12,
               "animate": true,
               "image": "device/images/symbols/sym9.png",
               "frames": {
                   "width":"122",
                   "height":"101",
                   "count":"1"
               },
               "animations": {
                   "anim": {
                       "frames": [0],
                       "next": ""
                   }
               }
    },
    "sym10Data": {
       "framerate": 12,
               "animate": true,
               "image": "device/images/symbols/sym10.png",
               "frames": {
                   "width":"122",
                   "height":"101",
                   "count":"1"
               },
               "animations": {
                   "anim": {
                       "frames": [0],
                       "next": ""
                   }
               }
    },

    "scatterData": {
        "framerate": 12,
        "animate": true,
        "image": "device/images/animations/sym11_anim.png",
        "frames": {
            "width":"122",
            "height":"101",
            "count":"18"
        },
        "animations": {
            "anim": {
                "frames": [0,1,2,3,4,5,6,7,8,9,10,11,12,13,14,15,16,17],
                "next": "anim"
            }
        }
    },

     "scatterTriggerHalfData":{
             "framerate": 11,
             "animate": true,
             "image": "device/images/animations/bonus_marker.png",
             "frames": {
                 "width":"122",
                 "height":"101",
                 "count":"12"
             },
             "animations": {
                 "scatterHalf": {
                     "frames": [0,1,2,3,4,5,6,7,8,9,10,11],
                     "next": "scatterHalf"
                 }
             }
         },

    "scatterTriggerData": {
        "framerate": 12,
        "animate": true,
        "image": "device/images/animations/sym11_anim.png",
        "frames": {
            "width":"122",
            "height":"101",
            "count":"18"
        },
        "animations": {
            "anim": {
                "frames": [0,1,2,3,4,5,6,7,8,9,10,11,12,13,14,15,16,17],
                "next": "anim"
            }
        }
    },

    "reelAnticipationData":{
        "framerate": 4,
        "animate": true,
        "image": "device/images/animations/anticipation.png",
        "frames": {
            "width":"78",
            "height":"215",
            "count":"4"
        },
        "scale": {
            "x": 2,
            "y": 2
        },
        "animations": {
            "reelAnticipation": {
                "frames": [0,1,2,3],
                "next": "reelAnticipation"
            }
        },
        "spacing": {
            "x": 15,
            "y": 10
        }


    },
    "blankData": {
        "framerate": 12,
        "animate": false,
        "image": "device/images/symbols/blank.png",
        "frames": {
            "width":"1",
            "height":"1",
            "count":"1"
        },
        "animations": {
            "anim": {
                "frames": [0],
                "next": "anim"
            }
        }
    },

     "celebrationWindowIntroData": {
            "image": "device/images/Celebration_win/Celebration_windowIntro.png",
            "position": {
                "x": 0,
                "y": 0
            }
        },

    "celebrationWindowData": {
        "image": "device/images/Celebration_win/Celebration_windowIntro.png",
        "position": {
            "x": 0,
            "y": 0
        }
    },
    
    "fireWolfAnimData":{
        "framerate": 3,
        "animate": true,
        "pos": {
            "x": 0,
            "y": 0
        },
        "scale": {
            "x": 2,
            "y": 2
        },
        "image": "device/images/animations/transition_1.png",
        "frames": {
            "width":"400",
            "height":"240",
            "count":"6"
        },
        "animations": {
            "introAnim": {
                "frames": [0,1,2,3,4,5],
                "next": ""
            }
        }
    },


    "fireWolfAnimDataEnd":{
        "framerate": 3,
        "animate": true,
        "pos": {
            "x": 0,
            "y": 0
        },
        "scale": {
            "x": 2,
            "y": 2
        },
        "image": "device/images/animations/transition_2.png",
        "frames": {
            "width":"400",
            "height":"240",
            "count":"11"
        },
        "animations": {
            "introAnimEnd": {
                "frames": [0,1],
                "next": ""
            },
            "introAnimEnd2": {
                "frames": [2,3,4,5],
                "next": ""
            }
        }
    },


  "fireWolfSummaryData":{
        "framerate": 3,
        "animate": true,
        "pos": {
            "x": 0,
            "y": 0
        },
        "scale": {
            "x": 2,
            "y": 2
        },
        "image": "device/images/animations/summary_1.png",
        "frames": {
            "width":"400",
            "height":"240",
            "count":"10"
        },
        "animations": {
            "outroAnim": {
                "frames": [0,1,2,3,4,5,6,7,8,9],
                "next": ""
            }


        }
    },

    "fireWolfSummaryEndData":{
          "framerate": 2,
          "animate": true,
          "pos": {
              "x": 0,
              "y": 0
          },
          "scale": {
              "x": 2,
              "y": 2
          },
          "image": "device/images/animations/summary_2.png",
          "frames": {
              "width":"640",
              "height":"400",
              "count":"6"
          },
          "animations": {
              "outroAnimEnd": {
                  "frames": [0,1,2,3,4],
                  "next": ""
              },
              "outroAnimEnd2": {
                   "frames": [0,1,2,3,4,5],
                   "next": ""
              }
          }
      },

    "celebrationOutroWindowData": {
        "image": "device/images/Celebration_win/CelebrationWindowFrame.png",
        "position": {
            "x": 67,
            "y": 45
        }
    },

    "bigWinAnimData": {
        "framerate": 11,
        "animate": true,
        "pos": {
            "x": 400,
            "y": 180
        },
        "scale": {
            "x": 2,
            "y": 2
        },
        "image": "device/images/animations/bigWin.png",
        "frames": {
            "width":"217",
            "height":"189",
            "count":"11"
        },
        "animations": {
            "lightBigWin": {
                "frames": [0,1,2,3,4,5,6],
                "next": ""
            }
        }
    },


    "bigWinAnimData1": {
        "framerate": 11,
        "animate": true,
        "pos": {
            "x": 400,
            "y": 180
        },
        "scale": {
            "x": 2,
            "y": 2
        },
        "image": "device/images/animations/bigWin.png",
        "frames": {
            "width":"217",
            "height":"189",
            "count":"11"
        },
        "animations": {
            "lightBigWin1": {
                "frames": [7,8,9,10],
                "next": "lightBigWin1"
            }
        }
    },

    "bigWinAnimData2": {
            "framerate": 11,
            "animate": true,
            "pos": {
                "x": 0,
                "y": 180
            },
            "scale": {
                "x": 2,
                "y": 2
            },
            "image": "device/images/animations/bigWin.png",
            "frames": {
                "width":"217",
                "height":"189",
                "count":"11"
            },
            "animations": {
                "lightBigWin2": {
                    "frames": [0,1,2,3,4,5,6],
                    "next": ""
                }
            }
        },


        "bigWinAnimData3": {
            "framerate": 11,
            "animate": true,
            "pos": {
                "x": 0,
                "y": 180
            },
            "scale": {
                "x": 2,
                "y": 2
            },
            "image": "device/images/animations/bigWin.png",
            "frames": {
                "width":"217",
                "height":"189",
                "count":"11"
            },
            "animations": {
                "lightBigWin3": {
                    "frames": [7,8,9,10],
                    "next": "lightBigWin3"
                }
            }
        }


}