<?xml version="1.0" encoding="UTF-8"?>
<gameProfiles xml:base="">
    <gameProfile gameId="526" profileId="2002">
        <detail key="gameName">FrogsNFlies</detail>
        <detail key="displayName">Frogs 'n Flies</detail>
        <detail key="groupName">Slots</detail>
        <detail key="pjEnabled">false</detail>
        <detail key="mpjEnabled">false</detail>
        <detail key="platform" type="flash">casino4</detail>
        <detail key="platform" type="html5">casino5</detail>
        <param coinValue="0.05,0.10,0.25,0.50" level="3"/>
    </gameProfile>
    <gameProfile gameId="526" profileId="2003">
        <detail key="gameName">FrogsNFlies</detail>
        <detail key="displayName">Frogs 'n Flies</detail>
        <detail key="groupName">Slots</detail>
        <detail key="pjEnabled">false</detail>
        <detail key="mpjEnabled">false</detail>
        <detail key="platform" type="flash">casino4</detail>
        <detail key="platform" type="html5">casino5</detail>
        <param coinValue="0.10,0.20,0.50,1.00" level="3"/>
    </gameProfile>
    <gameProfile gameId="526" profileId="2001">
        <detail key="gameName">FrogsNFlies</detail>
        <detail key="displayName">Frogs 'n Flies</detail>
        <detail key="groupName">Slots</detail>
        <detail key="pjEnabled">false</detail>
        <detail key="mpjEnabled">false</detail>
        <detail key="platform" type="flash">casino4</detail>
        <detail key="platform" type="html5">casino5</detail>
        <param coinValue="0.01,0.02,0.05,0.10" level="3"/>
    </gameProfile>
    <gameProfile gameId="526" profileId="2004">
        <detail key="gameName">FrogsNFlies</detail>
        <detail key="displayName">Frogs 'n Flies</detail>
        <detail key="groupName">Slots</detail>
        <detail key="pjEnabled">false</detail>
        <detail key="mpjEnabled">false</detail>
        <detail key="platform" type="flash">casino4</detail>
        <detail key="platform" type="html5">casino5</detail>
        <param coinValue="0.25,0.50,1.00,2.00" level="3"/>
    </gameProfile>
    <gameProfile gameId="526" profileId="2010">
        <detail key="gameName">FrogsNFlies</detail>
        <detail key="displayName">Frogs 'n Flies</detail>
        <detail key="groupName">Slots</detail>
        <detail key="pjEnabled">false</detail>
        <detail key="mpjEnabled">false</detail>
        <detail key="platform" type="flash">casino4</detail>
        <detail key="platform" type="html5">casino5</detail>
        <param coinValue="1.00,2.00,5.00,10.00" level="3"/>
    </gameProfile>
    <gameProfile gameId="526" profileId="2012">
        <detail key="gameName">FrogsNFlies</detail>
        <detail key="displayName">Frogs 'n Flies</detail>
        <detail key="groupName">Slots</detail>
        <detail key="pjEnabled">false</detail>
        <detail key="mpjEnabled">false</detail>
        <detail key="platform" type="flash">casino4</detail>
        <detail key="platform" type="html5">casino5</detail>
        <param coinValue="5.00,10.00,25.00,50.00" level="3"/>
    </gameProfile>
    <gameProfile gameId="100000" profileId="1001">
        <detail key="gameName">SampleSlotGame</detail>
        <detail key="displayName">Sample Slots Game</detail>
        <detail key="groupName">SLOTS</detail>
        <detail key="pjEnabled">false</detail>
        <detail key="mpjEnabled">false</detail>
        <detail key="platform" type="flash">casino4</detail>
        <detail key="platform" type="html5">casino5</detail>
        <param coinValue="0.02,0.05,0.10" minBet="0.02" maxBet="100.00"/>
    </gameProfile>
    <gameProfile gameId="526" profileId="2016">
        <detail key="gameName">FrogsNFlies</detail>
        <detail key="displayName">Frogs 'n Flies</detail>
        <detail key="groupName">Slots</detail>
        <detail key="pjEnabled">false</detail>
        <detail key="mpjEnabled">false</detail>
        <detail key="platform" type="flash">casino4</detail>
        <detail key="platform" type="html5">casino5</detail>
        <param coinValue="25.00,50.00,100.00,200.00" level="3"/>
    </gameProfile>
    <gameProfile gameId="100000" profileId="1003">
        <detail key="gameName">SampleSlotGame</detail>
        <detail key="displayName">Sample Slots Game</detail>
        <detail key="groupName">SLOTS</detail>
        <detail key="pjEnabled">false</detail>
        <detail key="mpjEnabled">false</detail>
        <detail key="platform" type="flash">casino4</detail>
        <detail key="platform" type="html5">casino5</detail>
        <param coinValue="0.25,0.50,1.00" minBet="0.25" maxBet="100.00"/>
    </gameProfile>
    <gameProfile gameId="526" profileId="2019">
        <detail key="gameName">FrogsNFlies</detail>
        <detail key="displayName">Frogs 'n Flies</detail>
        <detail key="groupName">Slots</detail>
        <detail key="pjEnabled">false</detail>
        <detail key="mpjEnabled">false</detail>
        <detail key="platform" type="flash">casino4</detail>
        <detail key="platform" type="html5">casino5</detail>
        <param coinValue="100.00,200.00,500.00,1000.00" level="3"/>
    </gameProfile>
    <gameProfile gameId="100000" profileId="1002">
        <detail key="gameName">SampleSlotGame</detail>
        <detail key="displayName">Sample Slots Game</detail>
        <detail key="groupName">SLOTS</detail>
        <detail key="pjEnabled">false</detail>
        <detail key="mpjEnabled">false</detail>
        <detail key="platform" type="flash">casino4</detail>
        <detail key="platform" type="html5">casino5</detail>
        <param coinValue="0.10,0.25,0.50" minBet="0.10" maxBet="100.00"/>
    </gameProfile>
    <gameProfile gameId="526" profileId="2020">
        <detail key="gameName">FrogsNFlies</detail>
        <detail key="displayName">Frogs 'n Flies</detail>
        <detail key="groupName">Slots</detail>
        <detail key="pjEnabled">false</detail>
        <detail key="mpjEnabled">false</detail>
        <detail key="platform" type="flash">casino4</detail>
        <detail key="platform" type="html5">casino5</detail>
        <param coinValue="150.00,300.00,500.00,1000.00" level="3"/>
    </gameProfile>
    <gameProfile gameId="100000" profileId="1004">
        <detail key="gameName">SampleSlotGame</detail>
        <detail key="displayName">Sample Slots Game</detail>
        <detail key="groupName">SLOTS</detail>
        <detail key="pjEnabled">false</detail>
        <detail key="mpjEnabled">false</detail>
        <detail key="platform" type="flash">casino4</detail>
        <detail key="platform" type="html5">casino5</detail>
        <param coinValue="1.00,2.00,3.00" minBet="0.25" maxBet="100.00"/>
    </gameProfile>
</gameProfiles>
