{

    "tfMessage": {
        "color": "#fad94c",
        "lineWidth":"600",
        "x": 400,
        "y": 415
    },

    "tfMessageShadow": {
        "color": "#9c2006",
        "lineWidth":"600",
        "x": 400,
        "y": 415,
       "outline":"3"
    },

    "tfProgress": {
        "color": "#fad94c",
        "lineWidth":"600",
        "x": 400,
        "y": 440
    },

    "tfProgressShadow": {
        "color": "#9c2006",
        "lineWidth":"600",
        "x": 400,
        "y": 440,
      "outline":"3"
    }

}