<page>
    <attribute>
        <name>nickname</name>
        <value>1022</value>
    </attribute>
    <attribute>
        <name>playerHandle</name>
        <value>153153364799032762613804615826011023</value>
    </attribute>
    <attribute>
        <name>clientAccount</name>
        <value>PlayerUSD</value>
    </attribute>
    <attribute>
        <name>accounts</name>
        <values name="accounts">USD</values>
    </attribute>
    <attribute>
        <name>communityNickName</name>
        <value>null</value>
    </attribute>
</page>