<gamemessage>
	<msgheader>
		<failed>false</failed>
		<balance>9981.25</balance>
		<playableBalance>0.00</playableBalance>
		<withdrawableBalance>0.00</withdrawableBalance>
		<totalWithdrawableBalance>9981.25</totalWithdrawableBalance>
		<depositedFunds>9981.25</depositedFunds>
		<pendingBalance>0.00</pendingBalance>
		<couponBalance>0</couponBalance>
		<playableLock>false</playableLock>
		<seed>1150590898</seed>
		<gameSession>1064S0000002557</gameSession>
		<gamePlayId>-1</gamePlayId>
		<lastMsgId>0</lastMsgId>
		<timeStamp timeZoneOffset="0">1291247145773</timeStamp>
		<processTime>29</processTime>
		<responsiblegaming rctype="2" time="81201">
			<rgrealitycheck display="false" />
			<rgplayersessionlimit display="false" />
		</responsiblegaming>
	</msgheader>
	<msgdata reqName="ConfirmHandEndReq" />
</gamemessage>