<gamemessage>
	<msgheader>
		<failed>false</failed>
		<balance>11984.05</balance>
		<playableBalance>0.00</playableBalance>
		<withdrawableBalance>0.00</withdrawableBalance>
		<totalWithdrawableBalance>11984.05</totalWithdrawableBalance>
		<depositedFunds>11984.05</depositedFunds>
		<pendingBalance>0.00</pendingBalance>
		<couponBalance>0</couponBalance>
		<playableLock>false</playableLock>
		<seed>1826812616</seed>
		<gameSession>1064S0000002566</gameSession>
		<gamePlayId>2753082</gamePlayId>
		<lastMsgId>0</lastMsgId>
		<timeStamp timeZoneOffset="0">1291278492616</timeStamp>
		<processTime>295</processTime>
		<responsiblegaming rctype="2" time="57907">
			<rgrealitycheck display="false" />
			<rgplayersessionlimit display="false" />
		</responsiblegaming>
	</msgheader>
	<msgdata reqName="FreeSpinReq">
		<bet creditValue="0.01" betMultiplier="1"></bet>
		<state current="FREE_SPIN" next="FREE_SPIN"></state>
		<freeSpin totalSpins="5" currentSpin="2" spinsRemaining="3" totalCreditsWon="840"></freeSpin>
		<spinResponse>
		<reels>
			<reel id="1">5</reel>
			<reel id="2">32</reel>
			<reel id="3">2</reel>
			<reel id="4">5</reel>
			<reel id="5">10</reel>
			<rtpLevel>RTP_97</rtpLevel>
		</reels>
		<lines won="830">
			<line icon="9" positions="1,1;2,3;3,2;4,4;5,3" won="750"></line>
			<line icon="4" positions="1,2;2,4;3,2;4,4" won="10"></line>
			<line icon="3" positions="1,4;2,3;3,2;4,4" won="10"></line>
			<line icon="3" positions="1,3;2,3;3,2;4,4" won="10"></line>
			<line icon="4" positions="1,2;2,3;3,2;4,4" won="10"></line>
			<line icon="3" positions="1,4;2,3;3,1;4,4" won="10"></line>
			<line icon="3" positions="1,3;2,3;3,1;4,4" won="10"></line>
			<line icon="4" positions="1,2;2,4;3,2;4,3" won="10"></line>
			<line icon="4" positions="1,2;2,3;3,2;4,3" won="10"></line>
		</lines>
		</spinResponse>
	</msgdata>
</gamemessage>