<gamemessage>
	<msgheader>
		<failed>false</failed>
		<balance>9978.75</balance>
		<playableBalance>0.00</playableBalance>
		<withdrawableBalance>0.00</withdrawableBalance>
		<totalWithdrawableBalance>9978.75</totalWithdrawableBalance>
		<depositedFunds>9978.75</depositedFunds>
		<pendingBalance>0.00</pendingBalance>
		<couponBalance>0</couponBalance>
		<playableLock>false</playableLock>
		<seed>1002374960</seed>
		<gameSession>1064S0000002557</gameSession>
		<gamePlayId>-1</gamePlayId>
		<lastMsgId>0</lastMsgId>
		<timeStamp timeZoneOffset="0">1291247061459</timeStamp>
		<processTime>46</processTime>
		<responsiblegaming rctype="2" time="0">
			<rgrealitycheck display="false" />
			<rgplayersessionlimit display="false" />
		</responsiblegaming>
	</msgheader>
	<msgdata reqName="LoginReq">
		<data name="displayName">
			<value>Player 1</value>
		</data>
		<data name="nickName">
			<value>Player 1</value>
		</data>
	</msgdata>
</gamemessage>