<map>
    <responses request="AboutReq">
        <response id="AboutReq" file="about.xml" />
    </responses>
    <responses request="CheckLoginReq">
        <response id="CheckLoginReq" file="checklogin.xml" />
    </responses>
	<responses request="ProfilesReq">
		<response id="ProfilesReq" file="profile.xml" />
	</responses>
	<responses request="LoginReq">
		<response id="LoginReq" file="login.xml" />
	</responses>
	<responses request="StartGameReq">
		<response id="StartGameReq" file="startgame.xml" />
	</responses>
    <responses request="InitReq">
		<response id="InitReq" file="init.xml" />
	</responses>
	<responses request="ResumeGameReq">
		<response id="ResumeGameReq" file="preresume.xml" />
		<response id="ResumeGameReq" file="resume.xml" />
	</responses>
    <responses request="SpinReq">
		<response id="SpinReq" file="spin_nowin.xml" />
		<response id="SpinReq" file="spin_win.xml" />
		<response id="SpinReq" file="spin_freespin_trigger.xml" />
	</responses>
    <responses request="FreeSpinReq">
		<response id="FreeSpinReq" file="freespin_1.xml" />
		<response id="FreeSpinReq" file="freespin_2.xml" />
		<response id="FreeSpinReq" file="freespin_3.xml" />
		<response id="FreeSpinReq" file="freespin_4.xml" />
		<response id="FreeSpinReq" file="freespin_5.xml" />
		
	</responses>
	<responses request="ConfirmHandEndReq">
		<response id="ConfirmHandEndReq" file="confirmhandend.xml" />
	</responses>		
</map>