<gamemessage>
	<msgheader>
		<failed>false</failed>
		<balance>11984.05</balance>
		<playableBalance>0.00</playableBalance>
		<withdrawableBalance>0.00</withdrawableBalance>
		<totalWithdrawableBalance>11984.05</totalWithdrawableBalance>
		<depositedFunds>11984.05</depositedFunds>
		<pendingBalance>0.00</pendingBalance>
		<couponBalance>0</couponBalance>
		<playableLock>false</playableLock>
		<seed>1826812616</seed>
		<gameSession>1064S0000002566</gameSession>
		<gamePlayId>2753082</gamePlayId>
		<lastMsgId>0</lastMsgId>
		<timeStamp timeZoneOffset="0">1291278492616</timeStamp>
		<processTime>295</processTime>
		<responsiblegaming rctype="2" time="57907">
			<rgrealitycheck display="false" />
			<rgplayersessionlimit display="false" />
		</responsiblegaming>
	</msgheader>
	<msgdata reqName="SpinReq">
		<bet creditValue="0.01" betMultiplier="1"></bet>
		<state current="INITIAL" next="DONE"></state>
		<spinResponse>
			<reels>
				<reel id="1">18</reel>
				<reel id="2">3</reel>
				<reel id="3">37</reel>
				<reel id="4">26</reel>
				<reel id="5">18</reel>
				<rtpLevel>RTP_97</rtpLevel>
			</reels>
			<lines won="105">
				<line icon="8" positions="1,2;2,2;3,2;4,4" won="80"></line>
				<line icon="2" positions="1,4;2,2;3,3" won="5"></line>
				<line icon="2" positions="1,1;2,2;3,3" won="5"></line>
				<line icon="2" positions="1,4;2,1;3,3" won="5"></line>
				<line icon="2" positions="1,1;2,1;3,3" won="5"></line>
				<line icon="3" positions="1,3;2,2;3,1" won="5"></line>
			</lines>
		</spinResponse>
		<finalWinnings>
			<creditsWon>105</creditsWon>
			<creditsWonOnMainSpin>105</creditsWonOnMainSpin>
			<creditsWonOnFreeSpin>0</creditsWonOnFreeSpin>
			<creditsWagered>40</creditsWagered>
		</finalWinnings>
		<results net="0.65" wagered="0.40" won="1.05"></results>
	</msgdata>
</gamemessage>