<gamemessage>
	<msgheader>
		<failed>false</failed>
		<balance>11984.05</balance>
		<playableBalance>0.00</playableBalance>
		<withdrawableBalance>0.00</withdrawableBalance>
		<totalWithdrawableBalance>11984.05</totalWithdrawableBalance>
		<depositedFunds>11984.05</depositedFunds>
		<pendingBalance>0.00</pendingBalance>
		<couponBalance>0</couponBalance>
		<playableLock>false</playableLock>
		<seed>1826812616</seed>
		<gameSession>1064S0000002566</gameSession>
		<gamePlayId>2753082</gamePlayId>
		<lastMsgId>0</lastMsgId>
		<timeStamp timeZoneOffset="0">1291278492616</timeStamp>
		<processTime>295</processTime>
		<responsiblegaming rctype="2" time="57907">
			<rgrealitycheck display="false" />
			<rgplayersessionlimit display="false" />
		</responsiblegaming>
	</msgheader>
	<msgdata reqName="SpinReq">
		<bet creditValue="0.01" betMultiplier="1"></bet>
		<state current="INITIAL" next="FREE_SPIN"></state>
		<freeSpin totalSpins="5" currentSpin="0" spinsRemaining="5" totalCreditsWon="0"></freeSpin>
		<scatter won="40" positions="1,4;3,2;5,1" numberFreeSpinsWon="5"></scatter>
		<spinResponse>
		<reels>
			<reel id="1">38</reel>
			<reel id="2">19</reel>
			<reel id="3">40</reel>
			<reel id="4">8</reel>
			<reel id="5">23</reel>
			<rtpLevel>RTP_97</rtpLevel>
		</reels>
		<lines won="10">
			<line icon="4" positions="1,2;2,3;3,1;4,1" won="10"></line>
		</lines>
		</spinResponse>
	</msgdata>
</gamemessage>