<gamemessage>
	<msgheader>
		<failed>false</failed>
		<balance>9978.75</balance>
		<playableBalance>0.00</playableBalance>
		<withdrawableBalance>0.00</withdrawableBalance>
		<totalWithdrawableBalance>9978.75</totalWithdrawableBalance>
		<depositedFunds>9978.75</depositedFunds>
		<pendingBalance>0.00</pendingBalance>
		<couponBalance>0</couponBalance>
		<playableLock>false</playableLock>
		<seed>1693808351</seed>
		<gameSession>1064S0000002557</gameSession>
		<gamePlayId>-1</gamePlayId>
		<lastMsgId>0</lastMsgId>
		<timeStamp timeZoneOffset="0">1291247061529</timeStamp>
		<processTime>32</processTime>
		<responsiblegaming rctype="2" time="0">
			<rgrealitycheck display="false" />
			<rgplayersessionlimit display="false" />
		</responsiblegaming>
	</msgheader>
	<msgdata reqName="StartGameReq">
		<accumulator exist="0" />
		<data name="limits">
			<param coinValue="0.01,0.05,0.25,1.00,2.00,5.00" />
		</data>
		<data name="inputAccIds">
			<value>2</value>
		</data>
		<data name="outputAccId">
			<value>2</value>
		</data>
		<allowPlayable value="1" />
	</msgdata>
</gamemessage>