{

    "tfMessage": {
        "color": "#fad94c",
        "lineWidth":"800",
        "x": 683,
        "y": 675
    },

    "tfMessageShadow": {
        "color": "#9c2006",
        "lineWidth":"800",
        "x": 683,
        "y": 675,
        "outline":"4"
    },

    "tfProgress": {
        "color": "#fad94c",
        "lineWidth":"800",
        "x": 683,
        "y": 705
    },

    "tfProgressShadow": {
        "color": "#9c2006",
        "lineWidth":"800",
        "x": 683,
        "y": 705,
        "outline":"4"
    }

}