<?xml version="1.0" encoding="ISO-8859-1"?>
<manifest type="master" date="29-08-2014_12:57:22">
    <manifest type="framework">
        <file>framework/low_1.33/loader.jpg</file>
        <file>framework/low_1.33/loader.json</file>
        <file>framework/low_1.6/loader.jpg</file>
        <file>framework/low_1.6/loader.json</file>
        <file>framework/low_1.77/loader.jpg</file>
        <file>framework/low_1.77/loader.json</file>
        <file>framework/standard_1.33/loader.jpg</file>
        <file>framework/standard_1.33/loader.json</file>
        <file>framework/standard_1.6/loader.jpg</file>
        <file>framework/standard_1.6/loader.json</file>
        <file>framework/standard_1.77/loader.jpg</file>
        <file>framework/standard_1.77/loader.json</file>
    </manifest>
    <manifest type="preload" implements="low_1.33,low_1.6,low_1.77,standard_1.33,standard_1.6,standard_1.77">
        <file>preload/lang/MonarchSun_${lang}.json</file>
        <file>preload/low/images/introBonus.png</file>
        <file>preload/low_1.33/images/animations/anticipation.png</file>
        <file>preload/low_1.33/images/animations/bigWin.png</file>
        <file>preload/low_1.33/images/animations/bonus_marker.png</file>
        <file>preload/low_1.33/images/animations/reelStrike.png</file>
        <file>preload/low_1.33/images/animations/sym11_anim.png</file>
        <file>preload/low_1.33/images/animations/sym1_anim.png</file>
        <file>preload/low_1.33/images/animations/sym2_anim.png</file>
        <file>preload/low_1.33/images/animations/sym3_anim.png</file>
        <file>preload/low_1.33/images/animations/sym4_anim.png</file>
        <file>preload/low_1.33/images/animations/sym5_anim.png</file>
        <file>preload/low_1.33/images/animations/sym6_anim.png</file>
        <file>preload/low_1.33/images/Bg_reel.jpg</file>
        <file>preload/low_1.33/images/Celebration_win/CelebrationWindowFrame.png</file>
        <file>preload/low_1.33/images/Celebration_win/Celebration_windowIntro.png</file>
        <file>preload/low_1.33/images/Celebration_win/Celebration_windowIntroBG.jpg</file>
        <file>preload/low_1.33/images/Celebration_win/summary.jpg</file>
        <file>preload/low_1.33/images/Freegame.jpg</file>
        <file>preload/low_1.33/images/loader.jpg</file>
        <file>preload/low_1.33/images/logo.png</file>
        <file>preload/low_1.33/images/Mask/Left_CornerFeathers.png</file>
        <file>preload/low_1.33/images/Mask/Right_CornerFeathers.png</file>
        <file>preload/low_1.33/images/Msg_Bar.png</file>
        <file>preload/low_1.33/images/powerLogo.png</file>
        <file>preload/low_1.33/images/small_symbols/sym1.png</file>
        <file>preload/low_1.33/images/small_symbols/sym10.png</file>
        <file>preload/low_1.33/images/small_symbols/sym11.png</file>
        <file>preload/low_1.33/images/small_symbols/sym2.png</file>
        <file>preload/low_1.33/images/small_symbols/sym3.png</file>
        <file>preload/low_1.33/images/small_symbols/sym4.png</file>
        <file>preload/low_1.33/images/small_symbols/sym5.png</file>
        <file>preload/low_1.33/images/small_symbols/sym6.png</file>
        <file>preload/low_1.33/images/small_symbols/sym7.png</file>
        <file>preload/low_1.33/images/small_symbols/sym8.png</file>
        <file>preload/low_1.33/images/small_symbols/sym9.png</file>
        <file>preload/low_1.33/images/symbols/blank.png</file>
        <file>preload/low_1.33/images/symbols/sym1.png</file>
        <file>preload/low_1.33/images/symbols/sym10.png</file>
        <file>preload/low_1.33/images/symbols/sym11.png</file>
        <file>preload/low_1.33/images/symbols/sym2.png</file>
        <file>preload/low_1.33/images/symbols/sym3.png</file>
        <file>preload/low_1.33/images/symbols/sym4.png</file>
        <file>preload/low_1.33/images/symbols/sym5.png</file>
        <file>preload/low_1.33/images/symbols/sym6.png</file>
        <file>preload/low_1.33/images/symbols/sym7.png</file>
        <file>preload/low_1.33/images/symbols/sym8.png</file>
        <file>preload/low_1.33/images/symbols/sym9.png</file>
        <file>preload/low_1.33/images/Winbox/Winframe.png</file>
        <file>preload/low_1.33/images/Win_meter.png</file>
        <file>preload/low_1.33/main.json</file>
        <file>preload/low_1.6/images/animations/anticipation.png</file>
        <file>preload/low_1.6/images/animations/bigWin.png</file>
        <file>preload/low_1.6/images/animations/bonus_marker.png</file>
        <file>preload/low_1.6/images/animations/reelStrike.png</file>
        <file>preload/low_1.6/images/animations/sym11_anim.png</file>
        <file>preload/low_1.6/images/animations/sym1_anim.png</file>
        <file>preload/low_1.6/images/animations/sym2_anim.png</file>
        <file>preload/low_1.6/images/animations/sym3_anim.png</file>
        <file>preload/low_1.6/images/animations/sym4_anim.png</file>
        <file>preload/low_1.6/images/animations/sym5_anim.png</file>
        <file>preload/low_1.6/images/animations/sym6_anim.png</file>
        <file>preload/low_1.6/images/Bg_reel.jpg</file>
        <file>preload/low_1.6/images/Celebration_win/CelebrationWindowFrame.png</file>
        <file>preload/low_1.6/images/Celebration_win/Celebration_windowIntro.png</file>
        <file>preload/low_1.6/images/Celebration_win/Celebration_windowIntroBG.jpg</file>
        <file>preload/low_1.6/images/Celebration_win/summary.jpg</file>
        <file>preload/low_1.6/images/Freegame.jpg</file>
        <file>preload/low_1.6/images/loader.jpg</file>
        <file>preload/low_1.6/images/logo.png</file>
        <file>preload/low_1.6/images/Mask/Left_CornerFeathers.png</file>
        <file>preload/low_1.6/images/Mask/Right_CornerFeathers.png</file>
        <file>preload/low_1.6/images/Msg_Bar.png</file>
        <file>preload/low_1.6/images/powerLogo.png</file>
        <file>preload/low_1.6/images/small_symbols/sym1.png</file>
        <file>preload/low_1.6/images/small_symbols/sym10.png</file>
        <file>preload/low_1.6/images/small_symbols/sym11.png</file>
        <file>preload/low_1.6/images/small_symbols/sym2.png</file>
        <file>preload/low_1.6/images/small_symbols/sym3.png</file>
        <file>preload/low_1.6/images/small_symbols/sym4.png</file>
        <file>preload/low_1.6/images/small_symbols/sym5.png</file>
        <file>preload/low_1.6/images/small_symbols/sym6.png</file>
        <file>preload/low_1.6/images/small_symbols/sym7.png</file>
        <file>preload/low_1.6/images/small_symbols/sym8.png</file>
        <file>preload/low_1.6/images/small_symbols/sym9.png</file>
        <file>preload/low_1.6/images/symbols/blank.png</file>
        <file>preload/low_1.6/images/symbols/sym1.png</file>
        <file>preload/low_1.6/images/symbols/sym10.png</file>
        <file>preload/low_1.6/images/symbols/sym11.png</file>
        <file>preload/low_1.6/images/symbols/sym2.png</file>
        <file>preload/low_1.6/images/symbols/sym3.png</file>
        <file>preload/low_1.6/images/symbols/sym4.png</file>
        <file>preload/low_1.6/images/symbols/sym5.png</file>
        <file>preload/low_1.6/images/symbols/sym6.png</file>
        <file>preload/low_1.6/images/symbols/sym7.png</file>
        <file>preload/low_1.6/images/symbols/sym8.png</file>
        <file>preload/low_1.6/images/symbols/sym9.png</file>
        <file>preload/low_1.6/images/Winbox/Winframe.png</file>
        <file>preload/low_1.6/images/Win_meter.png</file>
        <file>preload/low_1.6/main.json</file>
        <file>preload/low_1.77/images/animations/anticipation.png</file>
        <file>preload/low_1.77/images/animations/bigWin.png</file>
        <file>preload/low_1.77/images/animations/bonus_marker.png</file>
        <file>preload/low_1.77/images/animations/reelStrike.png</file>
        <file>preload/low_1.77/images/animations/reelStrikeSmall.png</file>
        <file>preload/low_1.77/images/animations/stickyWild.png</file>
        <file>preload/low_1.77/images/animations/sym12_anim.png</file>
        <file>preload/low_1.77/images/animations/sym1_anim.png</file>
        <file>preload/low_1.77/images/animations/sym2_anim.png</file>
        <file>preload/low_1.77/images/animations/sym3_anim.png</file>
        <file>preload/low_1.77/images/animations/sym4_anim.png</file>
        <file>preload/low_1.77/images/animations/sym5_anim.png</file>
        <file>preload/low_1.77/images/animations/WildMarker.png</file>
        <file>preload/low_1.77/images/Bg_reel.jpg</file>
        <file>preload/low_1.77/images/Celebration_win/CelebrationWindowFrame.png</file>
        <file>preload/low_1.77/images/Celebration_win/Celebration_windowIntro.png</file>
        <file>preload/low_1.77/images/Celebration_win/Celebration_windowIntroBG.jpg</file>
        <file>preload/low_1.77/images/Celebration_win/summary.jpg</file>
        <file>preload/low_1.77/images/Freegame.jpg</file>
        <file>preload/low_1.77/images/loader.jpg</file>
        <file>preload/low_1.77/images/logo.png</file>
        <file>preload/low_1.77/images/Mask/Left_CornerFeathers.png</file>
        <file>preload/low_1.77/images/Mask/Right_CornerFeathers.png</file>
        <file>preload/low_1.77/images/Msg_Bar.png</file>
        <file>preload/low_1.77/images/powerLogo.png</file>
        <file>preload/low_1.77/images/small_symbols/sym1.png</file>
        <file>preload/low_1.77/images/small_symbols/sym10.png</file>
        <file>preload/low_1.77/images/small_symbols/sym11.png</file>
        <file>preload/low_1.77/images/small_symbols/sym12.png</file>
        <file>preload/low_1.77/images/small_symbols/sym2.png</file>
        <file>preload/low_1.77/images/small_symbols/sym3.png</file>
        <file>preload/low_1.77/images/small_symbols/sym4.png</file>
        <file>preload/low_1.77/images/small_symbols/sym5.png</file>
        <file>preload/low_1.77/images/small_symbols/sym6.png</file>
        <file>preload/low_1.77/images/small_symbols/sym7.png</file>
        <file>preload/low_1.77/images/small_symbols/sym8.png</file>
        <file>preload/low_1.77/images/small_symbols/sym9.png</file>
        <file>preload/low_1.77/images/symbols/blank.png</file>
        <file>preload/low_1.77/images/symbols/sym1.png</file>
        <file>preload/low_1.77/images/symbols/sym10.png</file>
        <file>preload/low_1.77/images/symbols/sym11.png</file>
        <file>preload/low_1.77/images/symbols/sym12.png</file>
        <file>preload/low_1.77/images/symbols/sym2.png</file>
        <file>preload/low_1.77/images/symbols/sym3.png</file>
        <file>preload/low_1.77/images/symbols/sym4.png</file>
        <file>preload/low_1.77/images/symbols/sym5.png</file>
        <file>preload/low_1.77/images/symbols/sym6.png</file>
        <file>preload/low_1.77/images/symbols/sym7.png</file>
        <file>preload/low_1.77/images/symbols/sym8.png</file>
        <file>preload/low_1.77/images/symbols/sym9.png</file>
        <file>preload/low_1.77/images/Winbox/Winframe.png</file>
        <file>preload/low_1.77/images/Winbox/WinframeBig.png</file>
        <file>preload/low_1.77/images/Win_meter.png</file>
        <file>preload/low_1.77/images/xStaticWild.png</file>
        <file>preload/low_1.77/main.json</file>
        <file>preload/standard/images/introBonus.png</file>
        <file>preload/standard/images/xStaticWild.png</file>
        <file>preload/standard_1.33/images/animations/anticipation.png</file>
        <file>preload/standard_1.33/images/animations/bigWin.png</file>
        <file>preload/standard_1.33/images/animations/bonus_marker.png</file>
        <file>preload/standard_1.33/images/animations/reelStrike.png</file>
        <file>preload/standard_1.33/images/animations/reelStrikeSmall.png</file>
        <file>preload/standard_1.33/images/animations/stickyWild.png</file>
        <file>preload/standard_1.33/images/animations/sym12_anim.png</file>
        <file>preload/standard_1.33/images/animations/sym1_anim.png</file>
        <file>preload/standard_1.33/images/animations/sym2_anim.png</file>
        <file>preload/standard_1.33/images/animations/sym3_anim.png</file>
        <file>preload/standard_1.33/images/animations/sym4_anim.png</file>
        <file>preload/standard_1.33/images/animations/sym5_anim.png</file>
        <file>preload/standard_1.33/images/animations/WildMarker.png</file>
        <file>preload/standard_1.33/images/Bg_reel.jpg</file>
        <file>preload/standard_1.33/images/Celebration_win/CelebrationWindowFrame.png</file>
        <file>preload/standard_1.33/images/Celebration_win/Celebration_windowIntro.png</file>
        <file>preload/standard_1.33/images/Celebration_win/Celebration_windowIntroBG.jpg</file>
        <file>preload/standard_1.33/images/Celebration_win/summary.jpg</file>
        <file>preload/standard_1.33/images/Freegame.jpg</file>
        <file>preload/standard_1.33/images/loader.jpg</file>
        <file>preload/standard_1.33/images/logo.png</file>
        <file>preload/standard_1.33/images/Msg_Bar.png</file>
        <file>preload/standard_1.33/images/powerLogo.png</file>
        <file>preload/standard_1.33/images/small_symbols/sym1.png</file>
        <file>preload/standard_1.33/images/small_symbols/sym10.png</file>
        <file>preload/standard_1.33/images/small_symbols/sym11.png</file>
        <file>preload/standard_1.33/images/small_symbols/sym12.png</file>
        <file>preload/standard_1.33/images/small_symbols/sym2.png</file>
        <file>preload/standard_1.33/images/small_symbols/sym3.png</file>
        <file>preload/standard_1.33/images/small_symbols/sym4.png</file>
        <file>preload/standard_1.33/images/small_symbols/sym5.png</file>
        <file>preload/standard_1.33/images/small_symbols/sym6.png</file>
        <file>preload/standard_1.33/images/small_symbols/sym7.png</file>
        <file>preload/standard_1.33/images/small_symbols/sym8.png</file>
        <file>preload/standard_1.33/images/small_symbols/sym9.png</file>
        <file>preload/standard_1.33/images/symbols/blank.png</file>
        <file>preload/standard_1.33/images/symbols/sym1.png</file>
        <file>preload/standard_1.33/images/symbols/sym10.png</file>
        <file>preload/standard_1.33/images/symbols/sym11.png</file>
        <file>preload/standard_1.33/images/symbols/sym12.png</file>
        <file>preload/standard_1.33/images/symbols/sym2.png</file>
        <file>preload/standard_1.33/images/symbols/sym3.png</file>
        <file>preload/standard_1.33/images/symbols/sym4.png</file>
        <file>preload/standard_1.33/images/symbols/sym5.png</file>
        <file>preload/standard_1.33/images/symbols/sym6.png</file>
        <file>preload/standard_1.33/images/symbols/sym7.png</file>
        <file>preload/standard_1.33/images/symbols/sym8.png</file>
        <file>preload/standard_1.33/images/symbols/sym9.png</file>
        <file>preload/standard_1.33/images/Winbox/Winframe.png</file>
        <file>preload/standard_1.33/images/Win_meter.png</file>
        <file>preload/standard_1.33/main.json</file>
        <file>preload/standard_1.6/images/animations/anticipation.png</file>
        <file>preload/standard_1.6/images/animations/bigWin.png</file>
        <file>preload/standard_1.6/images/animations/bonus_marker.png</file>
        <file>preload/standard_1.6/images/animations/reelStrike.png</file>
        <file>preload/standard_1.6/images/animations/reelStrikeSmall.png</file>
        <file>preload/standard_1.6/images/animations/stickyWild.png</file>
        <file>preload/standard_1.6/images/animations/sym12_anim.png</file>
        <file>preload/standard_1.6/images/animations/sym1_anim.png</file>
        <file>preload/standard_1.6/images/animations/sym2_anim.png</file>
        <file>preload/standard_1.6/images/animations/sym3_anim.png</file>
        <file>preload/standard_1.6/images/animations/sym4_anim.png</file>
        <file>preload/standard_1.6/images/animations/sym5_anim.png</file>
        <file>preload/standard_1.6/images/animations/WildMarker.png</file>
        <file>preload/standard_1.6/images/Bg_reel.jpg</file>
        <file>preload/standard_1.6/images/Celebration_win/CelebrationWindowFrame.png</file>
        <file>preload/standard_1.6/images/Celebration_win/Celebration_windowIntro.png</file>
        <file>preload/standard_1.6/images/Celebration_win/Celebration_windowIntroBG.jpg</file>
        <file>preload/standard_1.6/images/Celebration_win/summary.jpg</file>
        <file>preload/standard_1.6/images/Freegame.jpg</file>
        <file>preload/standard_1.6/images/loader.jpg</file>
        <file>preload/standard_1.6/images/logo.png</file>
        <file>preload/standard_1.6/images/Msg_Bar.png</file>
        <file>preload/standard_1.6/images/powerLogo.png</file>
        <file>preload/standard_1.6/images/small_symbols/sym1.png</file>
        <file>preload/standard_1.6/images/small_symbols/sym10.png</file>
        <file>preload/standard_1.6/images/small_symbols/sym11.png</file>
        <file>preload/standard_1.6/images/small_symbols/sym12.png</file>
        <file>preload/standard_1.6/images/small_symbols/sym2.png</file>
        <file>preload/standard_1.6/images/small_symbols/sym3.png</file>
        <file>preload/standard_1.6/images/small_symbols/sym4.png</file>
        <file>preload/standard_1.6/images/small_symbols/sym5.png</file>
        <file>preload/standard_1.6/images/small_symbols/sym6.png</file>
        <file>preload/standard_1.6/images/small_symbols/sym7.png</file>
        <file>preload/standard_1.6/images/small_symbols/sym8.png</file>
        <file>preload/standard_1.6/images/small_symbols/sym9.png</file>
        <file>preload/standard_1.6/images/symbols/blank.png</file>
        <file>preload/standard_1.6/images/symbols/sym1.png</file>
        <file>preload/standard_1.6/images/symbols/sym10.png</file>
        <file>preload/standard_1.6/images/symbols/sym11.png</file>
        <file>preload/standard_1.6/images/symbols/sym12.png</file>
        <file>preload/standard_1.6/images/symbols/sym2.png</file>
        <file>preload/standard_1.6/images/symbols/sym3.png</file>
        <file>preload/standard_1.6/images/symbols/sym4.png</file>
        <file>preload/standard_1.6/images/symbols/sym5.png</file>
        <file>preload/standard_1.6/images/symbols/sym6.png</file>
        <file>preload/standard_1.6/images/symbols/sym7.png</file>
        <file>preload/standard_1.6/images/symbols/sym8.png</file>
        <file>preload/standard_1.6/images/symbols/sym9.png</file>
        <file>preload/standard_1.6/images/Winbox/Winframe.png</file>
        <file>preload/standard_1.6/images/Winbox/WinframeBig.png</file>
        <file>preload/standard_1.6/images/Win_meter.png</file>
        <file>preload/standard_1.6/main.json</file>
        <file>preload/standard_1.77/images/animations/anticipation.png</file>
        <file>preload/standard_1.77/images/animations/bigWin.png</file>
        <file>preload/standard_1.77/images/animations/bonus_marker.png</file>
        <file>preload/standard_1.77/images/animations/reelStrike.png</file>
        <file>preload/standard_1.77/images/animations/reelStrikeSmall.png</file>
        <file>preload/standard_1.77/images/animations/stickyWild.png</file>
        <file>preload/standard_1.77/images/animations/sym12_anim.png</file>
        <file>preload/standard_1.77/images/animations/sym1_anim.png</file>
        <file>preload/standard_1.77/images/animations/sym2_anim.png</file>
        <file>preload/standard_1.77/images/animations/sym3_anim.png</file>
        <file>preload/standard_1.77/images/animations/sym4_anim.png</file>
        <file>preload/standard_1.77/images/animations/sym5_anim.png</file>
        <file>preload/standard_1.77/images/animations/WildMarker.png</file>
        <file>preload/standard_1.77/images/Bg_reel.jpg</file>
        <file>preload/standard_1.77/images/Celebration_win/CelebrationWindowFrame.png</file>
        <file>preload/standard_1.77/images/Celebration_win/Celebration_windowIntro.png</file>
        <file>preload/standard_1.77/images/Celebration_win/Celebration_windowIntroBG.jpg</file>
        <file>preload/standard_1.77/images/Celebration_win/summary.jpg</file>
        <file>preload/standard_1.77/images/Freegame.jpg</file>
        <file>preload/standard_1.77/images/loader.jpg</file>
        <file>preload/standard_1.77/images/logo.png</file>
        <file>preload/standard_1.77/images/Mask/Left_CornerFeathers.png</file>
        <file>preload/standard_1.77/images/Mask/Right_CornerFeathers.png</file>
        <file>preload/standard_1.77/images/Msg_Bar.png</file>
        <file>preload/standard_1.77/images/powerLogo.png</file>
        <file>preload/standard_1.77/images/small_symbols/sym1.png</file>
        <file>preload/standard_1.77/images/small_symbols/sym10.png</file>
        <file>preload/standard_1.77/images/small_symbols/sym11.png</file>
        <file>preload/standard_1.77/images/small_symbols/sym12.png</file>
        <file>preload/standard_1.77/images/small_symbols/sym2.png</file>
        <file>preload/standard_1.77/images/small_symbols/sym3.png</file>
        <file>preload/standard_1.77/images/small_symbols/sym4.png</file>
        <file>preload/standard_1.77/images/small_symbols/sym5.png</file>
        <file>preload/standard_1.77/images/small_symbols/sym6.png</file>
        <file>preload/standard_1.77/images/small_symbols/sym7.png</file>
        <file>preload/standard_1.77/images/small_symbols/sym8.png</file>
        <file>preload/standard_1.77/images/small_symbols/sym9.png</file>
        <file>preload/standard_1.77/images/symbols/blank.png</file>
        <file>preload/standard_1.77/images/symbols/sym1.png</file>
        <file>preload/standard_1.77/images/symbols/sym10.png</file>
        <file>preload/standard_1.77/images/symbols/sym11.png</file>
        <file>preload/standard_1.77/images/symbols/sym12.png</file>
        <file>preload/standard_1.77/images/symbols/sym2.png</file>
        <file>preload/standard_1.77/images/symbols/sym3.png</file>
        <file>preload/standard_1.77/images/symbols/sym4.png</file>
        <file>preload/standard_1.77/images/symbols/sym5.png</file>
        <file>preload/standard_1.77/images/symbols/sym6.png</file>
        <file>preload/standard_1.77/images/symbols/sym7.png</file>
        <file>preload/standard_1.77/images/symbols/sym8.png</file>
        <file>preload/standard_1.77/images/symbols/sym9.png</file>
        <file>preload/standard_1.77/images/Winbox/Winframe.png</file>
        <file>preload/standard_1.77/images/Winbox/WinframeBig.png</file>
        <file>preload/standard_1.77/images/Win_meter.png</file>
        <file>preload/standard_1.77/main.json</file>
    </manifest>
    <manifest type="postload"/>
    <manifest type="lib">
        <file>lib/IngenuityMobileEngine.min-1.0.12.js</file>
    </manifest>
    <manifest type="css">
        <file>css/game.css</file>
    </manifest>
    <manifest type="javascript">
        <file>javascript/game.min.2.0-SNAPSHOT.js</file>
    </manifest>
    <manifest type="sound" implements="m4a,mp3,ogg">
        <file>sound/anticipation_reel4.m4a</file>
        <file>sound/anticipation_reel4.mp3</file>
        <file>sound/anticipation_reel4.ogg</file>
        <file>sound/audio1.m4a</file>
        <file>sound/audio1.mp3</file>
        <file>sound/audio1.ogg</file>
        <file>sound/audio2.m4a</file>
        <file>sound/audio2.mp3</file>
        <file>sound/audio2.ogg</file>
        <file>sound/audio3.m4a</file>
        <file>sound/audio3.mp3</file>
        <file>sound/audio3.ogg</file>
        <file>sound/audio4.m4a</file>
        <file>sound/audio4.mp3</file>
        <file>sound/audio4.ogg</file>
        <file>sound/audio5.m4a</file>
        <file>sound/audio5.mp3</file>
        <file>sound/audio5.ogg</file>
        <file>sound/audio6.m4a</file>
        <file>sound/audio6.mp3</file>
        <file>sound/audio6.ogg</file>
        <file>sound/big_win.m4a</file>
        <file>sound/big_win.mp3</file>
        <file>sound/big_win.ogg</file>
        <file>sound/bonus_markers.m4a</file>
        <file>sound/bonus_markers.mp3</file>
        <file>sound/bonus_markers.ogg</file>
        <file>sound/reel_stop.m4a</file>
        <file>sound/reel_stop.mp3</file>
        <file>sound/reel_stop.ogg</file>
        <file>sound/spin_click.m4a</file>
        <file>sound/spin_click.mp3</file>
        <file>sound/spin_click.ogg</file>
        <file>sound/WinTickup.m4a</file>
        <file>sound/WinTickup.mp3</file>
        <file>sound/WinTickup.ogg</file>
    </manifest>
</manifest>
